entity_id,day,composite_score,ewma_score,consecutive_elevated_days,sustained_drift_detected,hour_component,device_component,resource_component,session_component
EDGE_064,2026-06-11,0.2434,0.2434,0,False,0.4329,0.0,0.437,0.1285
EDGE_064,2026-06-12,0.1468,0.2144,0,False,0.2472,0.0,0.2388,0.1285
EDGE_064,2026-06-13,0.1087,0.1827,0,False,0.3366,0.0,0.0522,0.1285
EDGE_064,2026-06-14,0.0895,0.1547,0,False,0.1816,0.0,0.0915,0.1285
EDGE_064,2026-06-15,0.1067,0.1403,0,False,0.3671,0.0,0.0254,0.1285
EDGE_064,2026-06-16,0.0566,0.1152,0,False,0.1302,0.0,0.0162,0.1285
EDGE_064,2026-06-17,0.0986,0.1102,0,False,0.2718,0.0,0.0618,0.1285
EDGE_064,2026-06-18,0.1298,0.1161,0,False,0.342,0.0,0.1189,0.1285
EDGE_064,2026-06-19,0.1283,0.1197,0,False,0.3552,0.0,0.1052,0.1285
EDGE_064,2026-06-20,0.0676,0.1041,0,False,0.0922,0.0,0.0781,0.1285
EDGE_064,2026-06-21,0.1039,0.104,0,False,0.1925,0.0,0.1322,0.1285
EDGE_064,2026-06-22,0.082,0.0974,0,False,0.0277,0.0,0.1693,0.1285
EDGE_064,2026-06-23,0.1282,0.1067,0,False,0.3184,0.0,0.1294,0.1285
EDGE_064,2026-06-24,0.0656,0.0944,0,False,0.1011,0.0,0.0657,0.1285
EDGE_064,2026-06-25,0.0528,0.0819,0,False,0.0185,0.0,0.0779,0.1285
EDGE_064,2026-06-26,0.0695,0.0781,0,False,0.0816,0.0,0.0915,0.1285
EDGE_064,2026-06-27,0.1232,0.0917,0,False,0.3727,0.0,0.0768,0.1283
EDGE_064,2026-06-28,0.1248,0.1016,0,False,0.388,0.0,0.0717,0.1283
EDGE_064,2026-06-29,0.1373,0.1123,0,False,0.4868,0.0,0.0477,0.1283
EDGE_064,2026-06-30,0.2286,0.1472,0,False,0.152,0.5,0.0751,0.1285
EDGE_065,2026-06-11,0.6508,0.6508,1,False,1.0,0.0,0.8362,1.0
EDGE_065,2026-06-12,0.4405,0.5877,2,False,0.6934,0.0,0.3395,1.0
EDGE_065,2026-06-13,0.4336,0.5415,3,False,0.3641,0.0,0.603,0.8996
EDGE_065,2026-06-14,0.5963,0.5579,4,False,0.4166,0.5,0.5432,1.0
EDGE_065,2026-06-15,0.551,0.5559,5,True,0.3812,0.5,0.4158,1.0
EDGE_065,2026-06-16,0.5548,0.5555,6,True,0.1497,0.6667,0.4162,1.0
EDGE_065,2026-06-17,0.5777,0.5622,7,True,0.2514,0.6667,0.4249,1.0
EDGE_065,2026-06-18,0.5169,0.5486,8,True,0.1342,0.6667,0.3001,1.0
EDGE_065,2026-06-19,0.5509,0.5493,9,True,0.1803,0.6667,0.3827,1.0
EDGE_065,2026-06-20,0.5016,0.535,10,True,0.0965,0.6667,0.2743,1.0
EDGE_065,2026-06-21,0.4674,0.5147,11,True,0.388,0.5,0.3168,0.7236
EDGE_065,2026-06-22,0.4972,0.5094,12,True,0.4994,0.5,0.3455,0.7182
EDGE_065,2026-06-23,0.3286,0.4552,13,True,0.3782,0.0,0.3478,0.7432
EDGE_065,2026-06-24,0.3423,0.4213,14,True,0.5062,0.0,0.3198,0.7257
EDGE_065,2026-06-25,0.1684,0.3455,0,False,0.384,0.0,0.2905,0.0223
EDGE_065,2026-06-26,0.1646,0.2912,0,False,0.3729,0.0,0.276,0.036
EDGE_065,2026-06-27,0.1537,0.25,0,False,0.4083,0.0,0.2152,0.0377
EDGE_065,2026-06-28,0.2276,0.2433,0,False,0.339,0.0,0.0559,0.7153
EDGE_065,2026-06-29,0.2388,0.2419,0,False,0.2788,0.0,0.1358,0.7112
EDGE_065,2026-06-30,0.368,0.2797,0,False,0.312,0.5,0.0578,0.6913
EDGE_066,2026-06-11,0.153,0.153,0,False,0.4391,0.0,0.1126,0.1569
EDGE_066,2026-06-12,0.2907,0.1943,0,False,1.0,0.0,0.204,0.1476
EDGE_066,2026-06-13,0.1927,0.1938,0,False,0.6899,0.0,0.0881,0.1412
EDGE_066,2026-06-14,0.1366,0.1766,0,False,0.5201,0.0,0.015,0.1404
EDGE_066,2026-06-15,0.1558,0.1704,0,False,0.5143,0.0,0.078,0.1478
EDGE_066,2026-06-16,0.119,0.155,0,False,0.3839,0.0,0.0467,0.1412
EDGE_066,2026-06-17,0.1514,0.1539,0,False,0.4106,0.0,0.0509,0.2699
EDGE_066,2026-06-18,0.1237,0.1448,0,False,0.3324,0.0,0.0009,0.2848
EDGE_066,2026-06-19,0.1782,0.1548,0,False,0.3724,0.0,0.1552,0.2858
EDGE_066,2026-06-20,0.1661,0.1582,0,False,0.2125,0.0,0.2122,0.2997
EDGE_066,2026-06-21,0.1656,0.1604,0,False,0.0648,0.0,0.3001,0.3132
EDGE_066,2026-06-22,0.167,0.1624,0,False,0.0561,0.0,0.329,0.2853
EDGE_066,2026-06-23,0.167,0.1638,0,False,0.1154,0.0,0.2852,0.2918
EDGE_066,2026-06-24,0.1633,0.1636,0,False,0.3174,0.0,0.2433,0.134
EDGE_066,2026-06-25,0.1354,0.1552,0,False,0.299,0.0,0.1663,0.1286
EDGE_066,2026-06-26,0.1186,0.1442,0,False,0.4239,0.0,0.0251,0.1312
EDGE_066,2026-06-27,0.2013,0.1613,0,False,0.434,0.0,0.0218,0.5399
EDGE_066,2026-06-28,0.1974,0.1722,0,False,0.2766,0.0,0.1157,0.5369
EDGE_066,2026-06-29,0.2984,0.21,0,False,0.3343,0.0,0.105,1.0
EDGE_066,2026-06-30,0.2314,0.2164,0,False,0.0615,0.0,0.1056,0.9369
EDGE_067,2026-06-11,0.0663,0.0663,0,False,0.1966,0.0,0.0597,0.0454
EDGE_067,2026-06-12,0.1839,0.1016,0,False,0.6386,0.0,0.1308,0.0845
EDGE_067,2026-06-13,0.0813,0.0955,0,False,0.3033,0.0,0.0419,0.0403
EDGE_067,2026-06-14,0.1158,0.1016,0,False,0.293,0.0,0.1871,0.0054
EDGE_067,2026-06-15,0.1506,0.1163,0,False,0.4221,0.0,0.2163,0.0064
EDGE_067,2026-06-16,0.2383,0.1529,0,False,0.1502,0.5,0.1858,0.0124
EDGE_067,2026-06-17,0.2435,0.1801,0,False,0.122,0.5,0.2207,0.0147
EDGE_067,2026-06-18,0.2501,0.2011,0,False,0.174,0.5,0.2023,0.0229
EDGE_067,2026-06-19,0.306,0.2325,0,False,0.4156,0.5,0.2048,0.057
EDGE_067,2026-06-20,0.2914,0.2502,0,False,0.2612,0.5,0.2409,0.0846
EDGE_067,2026-06-21,0.2478,0.2495,0,False,0.1028,0.5,0.1954,0.0929
EDGE_067,2026-06-22,0.2622,0.2533,0,False,0.0421,0.5,0.2656,0.1208
EDGE_067,2026-06-23,0.2735,0.2594,0,False,0.0093,0.5,0.3246,0.1215
EDGE_067,2026-06-24,0.272,0.2632,0,False,0.1448,0.5,0.2336,0.115
EDGE_067,2026-06-25,0.3157,0.2789,0,False,0.2998,0.5,0.2808,0.1073
EDGE_067,2026-06-26,0.3063,0.2871,0,False,0.2409,0.5,0.2943,0.099
EDGE_067,2026-06-27,0.36,0.309,0,False,0.4847,0.5,0.3368,0.0601
EDGE_067,2026-06-28,0.3587,0.3239,0,False,0.5049,0.5,0.3358,0.0346
EDGE_067,2026-06-29,0.364,0.3359,0,False,0.5592,0.5,0.2811,0.0892
EDGE_067,2026-06-30,0.3153,0.3297,0,False,0.4288,0.5,0.2069,0.0872
EDGE_068,2026-06-11,0.1753,0.1753,0,False,0.7746,0.0,0.0349,0.0493
EDGE_068,2026-06-12,0.1691,0.1734,0,False,0.3416,0.0,0.2859,0.075
EDGE_068,2026-06-13,0.1748,0.1738,0,False,0.2721,0.0,0.3487,0.0788
EDGE_068,2026-06-14,0.1877,0.178,0,False,0.2607,0.0,0.3852,0.1003
EDGE_068,2026-06-15,0.1463,0.1685,0,False,0.2602,0.0,0.2599,0.0818
EDGE_068,2026-06-16,0.1299,0.1569,0,False,0.191,0.0,0.274,0.0474
EDGE_068,2026-06-17,0.0788,0.1335,0,False,0.0745,0.0,0.1791,0.0508
EDGE_068,2026-06-18,0.2737,0.1755,0,False,0.276,0.5,0.1878,0.0608
EDGE_068,2026-06-19,0.2245,0.1902,0,False,0.2828,0.5,0.034,0.0389
EDGE_068,2026-06-20,0.263,0.2121,0,False,0.3465,0.5,0.1273,0.0272
EDGE_068,2026-06-21,0.3205,0.2446,0,False,0.4462,0.5,0.2605,0.0158
EDGE_068,2026-06-22,0.4904,0.3183,0,False,0.0288,0.6667,0.2822,1.0
EDGE_068,2026-06-23,0.6003,0.4029,1,False,0.2985,0.75,0.3855,1.0
EDGE_068,2026-06-24,0.5961,0.4609,2,False,0.3697,0.75,0.3238,1.0
EDGE_068,2026-06-25,0.528,0.481,3,False,0.0233,0.75,0.3279,1.0
EDGE_068,2026-06-26,0.5224,0.4934,4,False,0.0643,0.75,0.2819,1.0
EDGE_068,2026-06-27,0.5103,0.4985,5,True,0.1204,0.75,0.2042,1.0
EDGE_068,2026-06-28,0.4754,0.4916,6,True,0.1809,0.75,0.0473,1.0
EDGE_068,2026-06-29,0.2364,0.415,7,True,0.3688,0.5,0.0285,0.0204
EDGE_068,2026-06-30,0.4482,0.425,8,True,0.6944,0.9091,0.0819,0.0602
EDGE_069,2026-06-11,0.2335,0.2335,0,False,0.4351,0.0,0.2877,0.301
EDGE_069,2026-06-12,0.2239,0.2307,0,False,0.6381,0.0,0.1455,0.2634
EDGE_069,2026-06-13,0.196,0.2203,0,False,0.4278,0.0,0.1929,0.2629
EDGE_069,2026-06-14,0.2416,0.2267,0,False,0.521,0.0,0.2841,0.261
EDGE_069,2026-06-15,0.2178,0.224,0,False,0.4091,0.0,0.285,0.2522
EDGE_069,2026-06-16,0.2649,0.2363,0,False,0.5314,0.0,0.36,0.2531
EDGE_069,2026-06-17,0.2301,0.2344,0,False,0.4169,0.0,0.3174,0.2574
EDGE_069,2026-06-18,0.2381,0.2355,0,False,0.4551,0.0,0.3212,0.2534
EDGE_069,2026-06-19,0.2207,0.2311,0,False,0.2483,0.0,0.4011,0.2537
EDGE_069,2026-06-20,0.1969,0.2208,0,False,0.2019,0.0,0.354,0.2518
EDGE_069,2026-06-21,0.1533,0.2006,0,False,0.0996,0.0,0.276,0.2528
EDGE_069,2026-06-22,0.1777,0.1937,0,False,0.1839,0.0,0.2978,0.2579
EDGE_069,2026-06-23,0.1256,0.1733,0,False,0.0671,0.0,0.2007,0.2601
EDGE_069,2026-06-24,0.1206,0.1575,0,False,0.0846,0.0,0.1751,0.2559
EDGE_069,2026-06-25,0.1097,0.1432,0,False,0.1659,0.0,0.09,0.2479
EDGE_069,2026-06-26,0.0994,0.13,0,False,0.1089,0.0,0.094,0.2469
EDGE_069,2026-06-27,0.1176,0.1263,0,False,0.0584,0.0,0.1871,0.2489
EDGE_069,2026-06-28,0.1338,0.1285,0,False,0.0731,0.0,0.2317,0.2481
EDGE_069,2026-06-29,0.1147,0.1244,0,False,0.0338,0.0,0.1959,0.2456
EDGE_069,2026-06-30,0.0842,0.1123,0,False,0.0521,0.0,0.0846,0.2421
SVC_056,2026-06-11,0.1611,0.1611,0,False,0.7051,0.0,0.0,0.1003
SVC_056,2026-06-12,0.0835,0.1378,0,False,0.3639,0.0,0.0,0.0539
SVC_056,2026-06-13,0.0783,0.12,0,False,0.2972,0.0,0.0,0.0941
SVC_056,2026-06-14,0.0949,0.1124,0,False,0.4084,0.0,0.0,0.0661
SVC_056,2026-06-15,0.0771,0.1018,0,False,0.3381,0.0,0.0,0.0473
SVC_056,2026-06-16,0.058,0.0887,0,False,0.2364,0.0,0.0,0.0538
SVC_056,2026-06-17,0.035,0.0726,0,False,0.1142,0.0,0.0,0.0609
SVC_056,2026-06-18,0.0248,0.0582,0,False,0.058,0.0,0.0,0.0658
SVC_056,2026-06-19,0.016,0.0456,0,False,0.0063,0.0,0.0,0.0735
SVC_056,2026-06-20,0.0301,0.0409,0,False,0.0969,0.0,0.0,0.0536
SVC_056,2026-06-21,0.0253,0.0362,0,False,0.0688,0.0,0.0,0.0579
SVC_056,2026-06-22,0.0229,0.0322,0,False,0.0401,0.0,0.0,0.0744
SVC_056,2026-06-23,0.0274,0.0308,0,False,0.072,0.0,0.0,0.0652
SVC_056,2026-06-24,0.067,0.0417,0,False,0.2808,0.0,0.0,0.0542
SVC_056,2026-06-25,0.0523,0.0449,0,False,0.22,0.0,0.0,0.0416
SVC_056,2026-06-26,0.0592,0.0492,0,False,0.2615,0.0,0.0,0.0344
SVC_056,2026-06-27,0.0431,0.0473,0,False,0.1621,0.0,0.0,0.0534
SVC_056,2026-06-28,0.0468,0.0472,0,False,0.1846,0.0,0.0,0.0496
SVC_056,2026-06-29,0.0207,0.0392,0,False,0.0569,0.0,0.0,0.0466
SVC_056,2026-06-30,0.0121,0.0311,0,False,0.0187,0.0,0.0,0.0418
SVC_057,2026-06-11,0.1171,0.1171,0,False,0.1657,0.0,0.0,0.4199
SVC_057,2026-06-12,0.0731,0.1039,0,False,0.1211,0.0,0.0,0.2442
SVC_057,2026-06-13,0.0326,0.0825,0,False,0.0057,0.0,0.0,0.1572
SVC_057,2026-06-14,0.0337,0.0679,0,False,0.0396,0.0,0.0,0.1289
SVC_057,2026-06-15,0.0327,0.0573,0,False,0.0271,0.0,0.0,0.1364
SVC_057,2026-06-16,0.0839,0.0653,0,False,0.2776,0.0,0.0,0.1422
SVC_057,2026-06-17,0.0867,0.0717,0,False,0.3275,0.0,0.0,0.1058
SVC_057,2026-06-18,0.0897,0.0771,0,False,0.362,0.0,0.0,0.0864
SVC_057,2026-06-19,0.0968,0.083,0,False,0.4112,0.0,0.0,0.0729
SVC_057,2026-06-20,0.1239,0.0953,0,False,0.5096,0.0,0.0,0.1101
SVC_057,2026-06-21,0.1257,0.1044,0,False,0.4806,0.0,0.0,0.1481
SVC_057,2026-06-22,0.1382,0.1146,0,False,0.5503,0.0,0.0,0.141
SVC_057,2026-06-23,0.1122,0.1138,0,False,0.4292,0.0,0.0,0.1316
SVC_057,2026-06-24,0.0973,0.1089,0,False,0.3115,0.0,0.0,0.1749
SVC_057,2026-06-25,0.0812,0.1006,0,False,0.2214,0.0,0.0,0.1845
SVC_057,2026-06-26,0.1043,0.1017,0,False,0.335,0.0,0.0,0.1863
SVC_057,2026-06-27,0.09,0.0982,0,False,0.2827,0.0,0.0,0.1674
SVC_057,2026-06-28,0.1055,0.1004,0,False,0.4153,0.0,0.0,0.1121
SVC_057,2026-06-29,0.1057,0.102,0,False,0.4065,0.0,0.0,0.1219
SVC_057,2026-06-30,0.0899,0.0984,0,False,0.3101,0.0,0.0,0.1395
SVC_058,2026-06-11,0.2777,0.2777,0,False,0.0876,0.0,0.751,0.1742
SVC_058,2026-06-12,0.2729,0.2762,0,False,0.414,0.0,0.536,0.1466
SVC_058,2026-06-13,0.2477,0.2677,0,False,0.525,0.0,0.4099,0.0986
SVC_058,2026-06-14,0.1768,0.2404,0,False,0.64,0.0,0.1013,0.0922
SVC_058,2026-06-15,0.1618,0.2168,0,False,0.4848,0.0,0.173,0.0647
SVC_058,2026-06-16,0.1292,0.1905,0,False,0.4671,0.0,0.0688,0.0757
SVC_058,2026-06-17,0.1636,0.1825,0,False,0.5522,0.0,0.1213,0.084
SVC_058,2026-06-18,0.171,0.179,0,False,0.6938,0.0,0.0625,0.0672
SVC_058,2026-06-19,0.164,0.1745,0,False,0.5822,0.0,0.1167,0.0629
SVC_058,2026-06-20,0.1034,0.1532,0,False,0.382,0.0,0.0495,0.0605
SVC_058,2026-06-21,0.1405,0.1494,0,False,0.3399,0.0,0.2124,0.0438
SVC_058,2026-06-22,0.1172,0.1397,0,False,0.2607,0.0,0.1865,0.0456
SVC_058,2026-06-23,0.1966,0.1568,0,False,0.3758,0.0,0.3812,0.0357
SVC_058,2026-06-24,0.1929,0.1676,0,False,0.3021,0.0,0.42,0.0323
SVC_058,2026-06-25,0.1515,0.1628,0,False,0.0161,0.0,0.4769,0.0261
SVC_058,2026-06-26,0.1651,0.1635,0,False,0.1062,0.0,0.4609,0.0277
SVC_058,2026-06-27,0.1906,0.1716,0,False,0.3182,0.0,0.3931,0.0453
SVC_058,2026-06-28,0.166,0.1699,0,False,0.2246,0.0,0.3652,0.0577
SVC_058,2026-06-29,0.2494,0.1938,0,False,0.4423,0.0,0.4893,0.0708
SVC_058,2026-06-30,0.3456,0.2393,0,False,0.5112,0.5,0.2343,0.1155
SVC_059,2026-06-11,0.1809,0.1809,0,False,0.5043,0.0,0.1358,0.1965
SVC_059,2026-06-12,0.0682,0.1471,0,False,0.0938,0.0,0.1358,0.0438
SVC_059,2026-06-13,0.087,0.1291,0,False,0.1969,0.0,0.1358,0.0346
SVC_059,2026-06-14,0.0863,0.1163,0,False,0.0065,0.0,0.1358,0.2214
SVC_059,2026-06-15,0.0956,0.1101,0,False,0.0974,0.0,0.1358,0.1771
SVC_059,2026-06-16,0.1237,0.1142,0,False,0.2921,0.0,0.1358,0.1228
SVC_059,2026-06-17,0.1371,0.121,0,False,0.3747,0.0,0.1358,0.107
SVC_059,2026-06-18,0.1306,0.1239,0,False,0.3784,0.0,0.1358,0.0711
SVC_059,2026-06-19,0.1545,0.1331,0,False,0.4503,0.0,0.1358,0.1185
SVC_059,2026-06-20,0.1762,0.146,0,False,0.5572,0.0,0.1358,0.1199
SVC_059,2026-06-21,0.1674,0.1524,0,False,0.633,0.0,0.1358,0.0004
SVC_059,2026-06-22,0.1534,0.1527,0,False,0.5463,0.0,0.1358,0.0168
SVC_059,2026-06-23,0.1175,0.1422,0,False,0.3712,0.0,0.1358,0.0127
SVC_059,2026-06-24,0.101,0.1298,0,False,0.2984,0.0,0.1358,0.0027
SVC_059,2026-06-25,0.0934,0.1189,0,False,0.2349,0.0,0.1358,0.0285
SVC_059,2026-06-26,0.0837,0.1083,0,False,0.1892,0.0,0.1358,0.0257
SVC_059,2026-06-27,0.0741,0.0981,0,False,0.1667,0.0,0.1358,0.0001
SVC_059,2026-06-28,0.0793,0.0924,0,False,0.1618,0.0,0.1358,0.0309
SVC_059,2026-06-29,0.0848,0.0901,0,False,0.1777,0.0,0.1358,0.0426
SVC_059,2026-06-30,0.0793,0.0869,0,False,0.1641,0.0,0.1358,0.0287
SVC_060,2026-06-11,0.1176,0.1176,0,False,0.3154,0.0,0.1204,0.0922
SVC_060,2026-06-12,0.1184,0.1179,0,False,0.3916,0.0,0.1204,0.0196
SVC_060,2026-06-13,0.2817,0.167,0,False,0.1087,0.5,0.1204,0.369
SVC_060,2026-06-14,0.2741,0.1991,0,False,0.0745,0.5,0.1204,0.3653
SVC_060,2026-06-15,0.2588,0.217,0,False,0.1057,0.5,0.1204,0.2579
SVC_060,2026-06-16,0.2613,0.2303,0,False,0.0196,0.6667,0.0693,0.1829
SVC_060,2026-06-17,0.2525,0.237,0,False,0.0225,0.6667,0.0444,0.1736
SVC_060,2026-06-18,0.275,0.2484,0,False,0.0352,0.6667,0.0511,0.2633
SVC_060,2026-06-19,0.2866,0.2599,0,False,0.196,0.6667,0.0444,0.1706
SVC_060,2026-06-20,0.2023,0.2426,0,False,0.1764,0.5,0.0444,0.0186
SVC_060,2026-06-21,0.5295,0.3287,0,False,0.4856,0.6667,0.7406,0.0508
SVC_060,2026-06-22,0.5042,0.3813,1,False,0.4549,0.6667,0.6806,0.0452
SVC_060,2026-06-23,0.3882,0.3834,2,False,0.301,0.5,0.5426,0.0759
SVC_060,2026-06-24,0.3672,0.3785,3,False,0.2176,0.5,0.5128,0.0992
SVC_060,2026-06-25,0.3625,0.3737,4,False,0.2164,0.5,0.5128,0.077
SVC_060,2026-06-26,0.326,0.3594,5,True,0.1107,0.5,0.4791,0.0505
SVC_060,2026-06-27,0.3028,0.3424,0,False,0.0038,0.5,0.4667,0.0601
SVC_060,2026-06-28,0.1092,0.2724,0,False,0.2923,0.0,0.1204,0.0729
SVC_060,2026-06-29,0.1062,0.2226,0,False,0.3119,0.0,0.1204,0.0384
SVC_060,2026-06-30,0.2339,0.226,0,False,0.3435,0.5,0.0172,0.0504
SVC_061,2026-06-11,0.1108,0.1108,0,False,0.3553,0.0,0.0,0.1989
SVC_061,2026-06-12,0.087,0.1037,0,False,0.3611,0.0,0.0,0.0738
SVC_061,2026-06-13,0.0142,0.0768,0,False,0.0596,0.0,0.0,0.0113
SVC_061,2026-06-14,0.0306,0.063,0,False,0.148,0.0,0.0,0.0051
SVC_061,2026-06-15,0.0557,0.0608,0,False,0.2515,0.0,0.0,0.0267
SVC_061,2026-06-16,0.1858,0.0983,0,False,0.1455,0.5,0.0,0.0335
SVC_061,2026-06-17,0.1558,0.1155,0,False,0.0105,0.5,0.0,0.0185
SVC_061,2026-06-18,0.172,0.1325,0,False,0.0771,0.5,0.0,0.033
SVC_061,2026-06-19,0.1795,0.1466,0,False,0.131,0.5,0.0,0.0163
SVC_061,2026-06-20,0.1926,0.1604,0,False,0.1508,0.5,0.0,0.0623
SVC_061,2026-06-21,0.2145,0.1766,0,False,0.2634,0.5,0.0,0.0588
SVC_061,2026-06-22,0.2425,0.1964,0,False,0.4204,0.5,0.0,0.0421
SVC_061,2026-06-23,0.2263,0.2053,0,False,0.3787,0.5,0.0,0.0027
SVC_061,2026-06-24,0.2084,0.2062,0,False,0.2823,0.5,0.0,0.0095
SVC_061,2026-06-25,0.2192,0.2101,0,False,0.2749,0.5,0.0,0.071
SVC_061,2026-06-26,0.0305,0.1562,0,False,0.1383,0.0,0.0,0.0143
SVC_061,2026-06-27,0.0939,0.1375,0,False,0.4063,0.0,0.0,0.063
SVC_061,2026-06-28,0.0786,0.1199,0,False,0.3053,0.0,0.0,0.0879
SVC_061,2026-06-29,0.0378,0.0953,0,False,0.1476,0.0,0.0,0.0416
SVC_061,2026-06-30,0.0488,0.0813,0,False,0.2133,0.0,0.0,0.0308
SVC_062,2026-06-11,0.339,0.339,0,False,0.9191,0.0,0.2232,0.4412
SVC_062,2026-06-12,0.3354,0.338,0,False,0.2304,0.0,0.7441,0.3306
SVC_062,2026-06-13,0.2209,0.3029,0,False,0.1699,0.0,0.5126,0.1658
SVC_062,2026-06-14,0.2368,0.283,0,False,0.012,0.0,0.6769,0.1567
SVC_062,2026-06-15,0.1545,0.2445,0,False,0.0087,0.0,0.4576,0.0774
SVC_062,2026-06-16,0.181,0.2254,0,False,0.1687,0.0,0.4377,0.0797
SVC_062,2026-06-17,0.2134,0.2218,0,False,0.2338,0.0,0.5248,0.0459
SVC_062,2026-06-18,0.2159,0.2201,0,False,0.3829,0.0,0.4465,0.027
SVC_062,2026-06-19,0.2334,0.2241,0,False,0.5474,0.0,0.3849,0.0424
SVC_062,2026-06-20,0.1938,0.215,0,False,0.3586,0.0,0.3907,0.0246
SVC_062,2026-06-21,0.1921,0.2081,0,False,0.4709,0.0,0.3085,0.0269
SVC_062,2026-06-22,0.2359,0.2165,0,False,0.431,0.0,0.4733,0.0388
SVC_062,2026-06-23,0.2613,0.2299,0,False,0.4892,0.0,0.5238,0.0317
SVC_062,2026-06-24,0.4004,0.2811,0,False,0.3287,0.5,0.505,0.1657
SVC_062,2026-06-25,0.4249,0.3242,0,False,0.3167,0.5,0.5581,0.2208
SVC_062,2026-06-26,0.3992,0.3467,0,False,0.2437,0.5,0.4927,0.2633
SVC_062,2026-06-27,0.4478,0.377,1,False,0.4608,0.5,0.5162,0.2539
SVC_062,2026-06-28,0.4461,0.3978,2,False,0.4956,0.5,0.5177,0.2082
SVC_062,2026-06-29,0.4228,0.4053,3,False,0.5084,0.5,0.4871,0.1251
SVC_062,2026-06-30,0.4359,0.4145,4,False,0.4615,0.5,0.5111,0.2016
SVC_063,2026-06-11,0.1306,0.1306,0,False,0.2758,0.0,0.0,0.3772
SVC_063,2026-06-12,0.1305,0.1306,0,False,0.0698,0.0,0.0,0.5827
SVC_063,2026-06-13,0.1083,0.1239,0,False,0.1989,0.0,0.0,0.3428
SVC_063,2026-06-14,0.1128,0.1206,0,False,0.2609,0.0,0.0,0.3031
SVC_063,2026-06-15,0.1524,0.1301,0,False,0.5219,0.0,0.0,0.2399
SVC_063,2026-06-16,0.1007,0.1213,0,False,0.3886,0.0,0.0,0.115
SVC_063,2026-06-17,0.0359,0.0957,0,False,0.1679,0.0,0.0,0.0117
SVC_063,2026-06-18,0.0655,0.0866,0,False,0.3014,0.0,0.0,0.026
SVC_063,2026-06-19,0.131,0.0999,0,False,0.5037,0.0,0.0,0.1513
SVC_063,2026-06-20,0.1565,0.1169,0,False,0.5897,0.0,0.0,0.1927
SVC_063,2026-06-21,0.1036,0.1129,0,False,0.2314,0.0,0.0,0.2866
SVC_063,2026-06-22,0.0761,0.1019,0,False,0.0362,0.0,0.0,0.3442
SVC_063,2026-06-23,0.2405,0.1434,0,False,0.1942,0.5,0.0,0.2582
SVC_063,2026-06-24,0.2589,0.1781,0,False,0.276,0.5,0.0,0.2686
SVC_063,2026-06-25,0.2656,0.2043,0,False,0.2062,0.5,0.0,0.3719
SVC_063,2026-06-26,0.2241,0.2103,0,False,0.0903,0.5,0.0,0.2801
SVC_063,2026-06-27,0.211,0.2105,0,False,0.0192,0.5,0.0,0.2859
SVC_063,2026-06-28,0.2198,0.2133,0,False,0.1706,0.5,0.0,0.1784
SVC_063,2026-06-29,0.2389,0.221,0,False,0.1993,0.5,0.0,0.2453
SVC_063,2026-06-30,0.096,0.1835,0,False,0.1762,0.0,0.0,0.3037
USER_001,2026-06-15,0.3363,0.3363,0,False,0.3765,0.0,0.6892,0.2711
USER_001,2026-06-16,0.2042,0.2966,0,False,0.1909,0.0,0.3461,0.3107
USER_001,2026-06-17,0.244,0.2808,0,False,0.3987,0.0,0.4269,0.1809
USER_001,2026-06-18,0.3427,0.2994,0,False,0.5975,0.3333,0.3417,0.1036
USER_001,2026-06-19,0.3098,0.3025,0,False,0.4826,0.3333,0.3069,0.1059
USER_001,2026-06-21,0.2925,0.2995,0,False,0.4346,0.3333,0.2838,0.1023
USER_001,2026-06-22,0.227,0.2778,0,False,0.2177,0.3333,0.1937,0.1266
USER_001,2026-06-23,0.2197,0.2604,0,False,0.1974,0.5,0.0237,0.1158
USER_001,2026-06-24,0.1962,0.2411,0,False,0.0716,0.5,0.0343,0.1082
USER_001,2026-06-25,0.2021,0.2294,0,False,0.0598,0.5,0.0347,0.1483
USER_001,2026-06-26,0.1683,0.2111,0,False,0.0545,0.3333,0.0904,0.1515
USER_001,2026-06-27,0.1956,0.2064,0,False,0.1151,0.3333,0.1475,0.1418
USER_001,2026-06-28,0.1934,0.2025,0,False,0.1069,0.3333,0.1475,0.1389
USER_001,2026-06-29,0.1809,0.1961,0,False,0.0061,0.3333,0.182,0.1256
USER_001,2026-06-30,0.0842,0.1625,0,False,0.1667,0.0,0.0524,0.1758
USER_002,2026-06-12,0.2113,0.2113,0,False,0.413,0.0,0.4178,0.0168
USER_002,2026-06-13,0.1735,0.2,0,False,0.3419,0.0,0.3238,0.04
USER_002,2026-06-14,0.1963,0.1989,0,False,0.4214,0.0,0.2898,0.1251
USER_002,2026-06-15,0.1641,0.1884,0,False,0.3213,0.0,0.1662,0.25
USER_002,2026-06-16,0.0771,0.155,0,False,0.2093,0.0,0.0934,0.036
USER_002,2026-06-17,0.0484,0.123,0,False,0.1345,0.0,0.0521,0.0294
USER_002,2026-06-18,0.0227,0.0929,0,False,0.0506,0.0,0.0175,0.0366
USER_002,2026-06-19,0.0602,0.0831,0,False,0.0872,0.0,0.09,0.079
USER_002,2026-06-21,0.0546,0.0746,0,False,0.0919,0.0,0.0681,0.0788
USER_002,2026-06-22,0.0523,0.0679,0,False,0.1322,0.0,0.0515,0.0519
USER_002,2026-06-23,0.1498,0.0925,0,False,0.1459,0.3333,0.0225,0.0694
USER_002,2026-06-24,0.1409,0.107,0,False,0.0912,0.3333,0.0494,0.0393
USER_002,2026-06-25,0.1683,0.1254,0,False,0.1141,0.3333,0.081,0.1056
USER_002,2026-06-26,0.1473,0.132,0,False,0.0848,0.3333,0.0214,0.1197
USER_002,2026-06-27,0.1352,0.1329,0,False,0.0357,0.3333,0.0271,0.0997
USER_002,2026-06-29,0.1599,0.141,0,False,0.0323,0.3333,0.0958,0.1234
USER_002,2026-06-30,0.1469,0.1428,0,False,0.0988,0.3333,0.044,0.0695
USER_003,2026-06-15,0.2298,0.2298,0,False,0.1956,0.0,0.4012,0.3516
USER_003,2026-06-16,0.2232,0.2278,0,False,0.0638,0.0,0.5135,0.282
USER_003,2026-06-17,0.2438,0.2326,0,False,0.0787,0.0,0.6135,0.2201
USER_003,2026-06-18,0.2485,0.2374,0,False,0.2598,0.0,0.5106,0.217
USER_003,2026-06-19,0.2433,0.2392,0,False,0.2252,0.0,0.4755,0.2784
USER_003,2026-06-20,0.2351,0.238,0,False,0.2245,0.0,0.4298,0.3065
USER_003,2026-06-22,0.178,0.22,0,False,0.1985,0.0,0.2962,0.2472
USER_003,2026-06-23,0.1893,0.2108,0,False,0.3399,0.0,0.2579,0.2198
USER_003,2026-06-24,0.1997,0.2075,0,False,0.5443,0.0,0.1337,0.2537
USER_003,2026-06-25,0.2494,0.22,0,False,0.6384,0.0,0.2071,0.2981
USER_003,2026-06-26,0.388,0.2704,0,False,0.1227,0.8182,0.2418,0.2275
USER_003,2026-06-27,0.4246,0.3167,0,False,0.0166,0.8333,0.389,0.2728
USER_003,2026-06-28,0.4342,0.3519,1,False,0.0459,0.8333,0.395,0.2828
USER_003,2026-06-29,0.4835,0.3914,2,False,0.2299,0.8333,0.4651,0.2397
USER_003,2026-06-30,0.4858,0.4197,3,False,0.1466,0.8333,0.549,0.2087
USER_003,2026-07-01,0.5372,0.455,4,False,0.1347,0.8333,0.677,0.2859
USER_003,2026-07-02,0.5854,0.4941,5,True,0.4162,0.8333,0.6127,0.3417
USER_003,2026-07-03,0.5171,0.501,6,True,0.2556,0.3333,0.9169,0.4547
USER_004,2026-06-11,0.3002,0.3002,0,False,0.8419,0.0,0.4206,0.0281
USER_004,2026-06-12,0.2156,0.2748,0,False,0.5463,0.0,0.3108,0.0657
USER_004,2026-06-13,0.2331,0.2623,0,False,0.6682,0.0,0.3173,0.0214
USER_004,2026-06-15,0.2932,0.2716,0,False,0.6448,0.25,0.2357,0.0928
USER_004,2026-06-16,0.2723,0.2718,0,False,0.6352,0.25,0.2098,0.0365
USER_004,2026-06-17,0.2332,0.2602,0,False,0.4724,0.25,0.1783,0.0509
USER_004,2026-06-18,0.2078,0.2445,0,False,0.4696,0.25,0.0912,0.0575
USER_004,2026-06-19,0.2017,0.2317,0,False,0.5329,0.25,0.0327,0.0515
USER_004,2026-06-20,0.2498,0.2371,0,False,0.5527,0.25,0.1383,0.114
USER_004,2026-06-22,0.1533,0.212,0,False,0.1498,0.25,0.1064,0.0823
USER_004,2026-06-23,0.0744,0.1707,0,False,0.2459,0.0,0.0186,0.0982
USER_004,2026-06-24,0.0381,0.1309,0,False,0.1014,0.0,0.0417,0.0268
USER_004,2026-06-25,0.0644,0.111,0,False,0.1287,0.0,0.0674,0.0923
USER_004,2026-06-26,0.0721,0.0993,0,False,0.1231,0.0,0.0508,0.161
USER_004,2026-06-29,0.0894,0.0963,0,False,0.2076,0.0,0.0693,0.1355
USER_004,2026-06-30,0.0811,0.0918,0,False,0.0993,0.0,0.0912,0.1695
USER_005,2026-06-15,0.1534,0.1534,0,False,0.1103,0.0,0.2711,0.2499
USER_005,2026-06-16,0.2413,0.1798,0,False,0.2119,0.3333,0.0571,0.4091
USER_005,2026-06-17,0.2704,0.207,0,False,0.0575,0.5,0.1639,0.2988
USER_005,2026-06-18,0.2415,0.2173,0,False,0.0539,0.5,0.1396,0.1942
USER_005,2026-06-19,0.2466,0.2261,0,False,0.0874,0.5,0.1373,0.1898
USER_005,2026-06-20,0.2776,0.2416,0,False,0.0499,0.6,0.1476,0.2166
USER_005,2026-06-21,0.2776,0.2524,0,False,0.087,0.6,0.1575,0.165
USER_005,2026-06-22,0.3258,0.2744,0,False,0.4282,0.6,0.1899,0.0161
USER_005,2026-06-23,0.3554,0.2987,0,False,0.6451,0.5,0.1383,0.1745
USER_005,2026-06-24,0.2788,0.2928,0,False,0.4865,0.3333,0.0967,0.2627
USER_005,2026-06-25,0.2546,0.2813,0,False,0.515,0.3333,0.0334,0.2076
USER_005,2026-06-26,0.232,0.2665,0,False,0.3692,0.3333,0.0517,0.213
USER_005,2026-06-29,0.155,0.233,0,False,0.3508,0.0,0.0823,0.3008
USER_005,2026-06-30,0.1423,0.2058,0,False,0.3661,0.0,0.0533,0.2653
USER_006,2026-06-12,0.0932,0.0932,0,False,0.1192,0.0,0.0007,0.3454
USER_006,2026-06-13,0.1318,0.1047,0,False,0.2272,0.0,0.0347,0.3794
USER_006,2026-06-15,0.0701,0.0944,0,False,0.2244,0.0,0.0244,0.0896
USER_006,2026-06-16,0.0713,0.0874,0,False,0.1444,0.0,0.1154,0.039
USER_006,2026-06-17,0.062,0.0798,0,False,0.2395,0.0,0.0089,0.0572
USER_006,2026-06-18,0.0458,0.0696,0,False,0.2133,0.0,0.0007,0.0147
USER_006,2026-06-19,0.0533,0.0647,0,False,0.208,0.0,0.0268,0.0184
USER_006,2026-06-21,0.0771,0.0684,0,False,0.2356,0.0,0.0449,0.0826
USER_006,2026-06-22,0.0313,0.0573,0,False,0.1371,0.0,0.0085,0.0066
USER_006,2026-06-23,0.0735,0.0622,0,False,0.222,0.0,0.0424,0.0821
USER_006,2026-06-24,0.1202,0.0796,0,False,0.4194,0.0,0.0193,0.1527
USER_006,2026-06-25,0.1435,0.0988,0,False,0.3133,0.0,0.1335,0.2041
USER_006,2026-06-26,0.0997,0.099,0,False,0.1352,0.0,0.162,0.1202
USER_006,2026-06-27,0.0958,0.0981,0,False,0.1086,0.0,0.1942,0.0789
USER_006,2026-06-28,0.0995,0.0985,0,False,0.1178,0.0,0.1942,0.0885
USER_006,2026-06-29,0.0943,0.0972,0,False,0.1643,0.0,0.1713,0.0504
USER_006,2026-06-30,0.0499,0.083,0,False,0.0127,0.0,0.1072,0.0758
USER_007,2026-06-11,0.3565,0.3565,1,False,0.4047,0.5,0.104,0.4716
USER_007,2026-06-12,0.3332,0.3495,0,False,0.5195,0.5,0.104,0.2403
USER_007,2026-06-13,0.3396,0.3465,0,False,0.5112,0.5,0.104,0.2807
USER_007,2026-06-15,0.3893,0.3594,1,False,0.5608,0.6667,0.104,0.2298
USER_007,2026-06-16,0.3789,0.3652,2,False,0.4906,0.6667,0.104,0.2477
USER_007,2026-06-17,0.3693,0.3664,3,False,0.4463,0.6667,0.104,0.2439
USER_007,2026-06-18,0.3448,0.3599,4,False,0.3402,0.6667,0.104,0.2278
USER_007,2026-06-19,0.2841,0.3372,0,False,0.2827,0.5,0.104,0.2316
USER_007,2026-06-22,0.2701,0.317,0,False,0.1885,0.5,0.104,0.2558
USER_007,2026-06-23,0.2685,0.3025,0,False,0.1799,0.5,0.104,0.2567
USER_007,2026-06-24,0.1002,0.2418,0,False,0.0859,0.0,0.104,0.2592
USER_007,2026-06-25,0.0956,0.198,0,False,0.0501,0.0,0.104,0.272
USER_007,2026-06-26,0.0931,0.1665,0,False,0.0284,0.0,0.104,0.2811
USER_007,2026-06-27,0.0939,0.1447,0,False,0.0023,0.0,0.104,0.3113
USER_007,2026-06-29,0.0853,0.1269,0,False,0.0063,0.0,0.104,0.2643
USER_007,2026-06-30,0.0969,0.1179,0,False,0.0195,0.0,0.104,0.3088
USER_008,2026-06-11,0.0384,0.0384,0,False,0.0466,0.0,0.0901,0.0104
USER_008,2026-06-12,0.0838,0.052,0,False,0.3159,0.0,0.0298,0.0584
USER_008,2026-06-14,0.0849,0.0619,0,False,0.2589,0.0,0.0379,0.1088
USER_008,2026-06-15,0.2612,0.1217,0,False,0.4622,0.5,0.0153,0.0708
USER_008,2026-06-16,0.2839,0.1704,0,False,0.3047,0.6667,0.0062,0.1056
USER_008,2026-06-17,0.238,0.1907,0,False,0.1026,0.6667,0.0099,0.0727
USER_008,2026-06-18,0.2685,0.214,0,False,0.1472,0.6667,0.0212,0.1634
USER_008,2026-06-19,0.2758,0.2325,0,False,0.1383,0.6667,0.0282,0.1982
USER_008,2026-06-20,0.2512,0.2381,0,False,0.0492,0.6667,0.0085,0.1941
USER_008,2026-06-22,0.2438,0.2398,0,False,0.0599,0.6667,0.0059,0.1503
USER_008,2026-06-23,0.1881,0.2243,0,False,0.0299,0.5,0.0416,0.0984
USER_008,2026-06-24,0.026,0.1648,0,False,0.0171,0.0,0.0546,0.0309
USER_008,2026-06-25,0.03,0.1244,0,False,0.0046,0.0,0.0699,0.0407
USER_008,2026-06-26,0.0227,0.0939,0,False,0.0158,0.0,0.0505,0.0219
USER_008,2026-06-27,0.0387,0.0773,0,False,0.0225,0.0,0.0912,0.0341
USER_008,2026-06-28,0.031,0.0634,0,False,0.023,0.0,0.0678,0.0304
USER_008,2026-06-29,0.0669,0.0645,0,False,0.1301,0.0,0.0547,0.1223
USER_008,2026-06-30,0.0791,0.0689,0,False,0.2236,0.0,0.0212,0.14
USER_009,2026-06-15,0.1624,0.1624,0,False,0.0906,0.0,0.1999,0.4215
USER_009,2026-06-16,0.1219,0.1502,0,False,0.397,0.0,0.0571,0.1267
USER_009,2026-06-17,0.054,0.1213,0,False,0.0874,0.0,0.032,0.1344
USER_009,2026-06-18,0.0982,0.1144,0,False,0.1712,0.0,0.1485,0.097
USER_009,2026-06-19,0.0943,0.1084,0,False,0.2508,0.0,0.1252,0.033
USER_009,2026-06-21,0.0897,0.1028,0,False,0.2429,0.0,0.1332,0.0056
USER_009,2026-06-22,0.1059,0.1037,0,False,0.3009,0.0,0.1279,0.0368
USER_009,2026-06-23,0.1274,0.1108,0,False,0.3517,0.0,0.1485,0.0628
USER_009,2026-06-24,0.0845,0.1029,0,False,0.0986,0.0,0.1938,0.0332
USER_009,2026-06-25,0.0975,0.1013,0,False,0.1549,0.0,0.1822,0.0592
USER_009,2026-06-26,0.0759,0.0937,0,False,0.1645,0.0,0.0882,0.0828
USER_009,2026-06-29,0.2011,0.1259,0,False,0.071,0.5,0.0709,0.078
USER_009,2026-06-30,0.2125,0.1519,0,False,0.0816,0.5,0.1028,0.0768
USER_010,2026-06-11,0.0531,0.0531,0,False,0.0095,0.0,0.097,0.1107
USER_010,2026-06-12,0.1094,0.07,0,False,0.0593,0.0,0.3077,0.0262
USER_010,2026-06-13,0.0982,0.0785,0,False,0.0907,0.0,0.261,0.0086
USER_010,2026-06-14,0.1033,0.0859,0,False,0.1467,0.0,0.2403,0.0092
USER_010,2026-06-15,0.0057,0.0619,0,False,0.0019,0.0,0.0161,0.0027
USER_010,2026-06-16,0.0742,0.0656,0,False,0.059,0.0,0.1452,0.0942
USER_010,2026-06-17,0.0633,0.0649,0,False,0.0436,0.0,0.097,0.1275
USER_010,2026-06-18,0.0718,0.067,0,False,0.1133,0.0,0.102,0.0926
USER_010,2026-06-19,0.1263,0.0848,0,False,0.0778,0.0,0.2812,0.1318
USER_010,2026-06-20,0.128,0.0977,0,False,0.0805,0.0,0.281,0.1381
USER_010,2026-06-21,0.1394,0.1102,0,False,0.0967,0.0,0.2994,0.1511
USER_010,2026-06-22,0.1308,0.1164,0,False,0.1346,0.0,0.267,0.1188
USER_010,2026-06-23,0.0492,0.0962,0,False,0.0785,0.0,0.0835,0.0423
USER_010,2026-06-24,0.0628,0.0862,0,False,0.0862,0.0,0.1338,0.027
USER_010,2026-06-25,0.0563,0.0772,0,False,0.0233,0.0,0.1395,0.0491
USER_010,2026-06-26,0.0237,0.0612,0,False,0.0581,0.0,0.0042,0.054
USER_010,2026-06-29,0.0411,0.0551,0,False,0.091,0.0,0.0585,0.0268
USER_010,2026-06-30,0.0287,0.0472,0,False,0.0615,0.0,0.0335,0.0318
USER_011,2026-06-13,0.5787,0.5787,1,False,1.0,0.0,1.0,0.3935
USER_011,2026-06-15,0.2285,0.4736,2,False,0.8399,0.0,0.1637,0.0571
USER_011,2026-06-16,0.1443,0.3748,3,False,0.4793,0.0,0.0569,0.1569
USER_011,2026-06-17,0.1189,0.2981,0,False,0.3436,0.0,0.027,0.2101
USER_011,2026-06-18,0.0524,0.2243,0,False,0.0906,0.0,0.0311,0.1245
USER_011,2026-06-19,0.0581,0.1745,0,False,0.1123,0.0,0.0074,0.1673
USER_011,2026-06-22,0.0625,0.1409,0,False,0.2051,0.0,0.0303,0.0618
USER_011,2026-06-23,0.0198,0.1045,0,False,0.0844,0.0,0.0053,0.0064
USER_011,2026-06-24,0.0401,0.0852,0,False,0.059,0.0,0.0508,0.0651
USER_011,2026-06-25,0.0525,0.0754,0,False,0.1347,0.0,0.0142,0.1065
USER_011,2026-06-26,0.0637,0.0719,0,False,0.1741,0.0,0.0039,0.1385
USER_011,2026-06-28,0.0513,0.0657,0,False,0.0806,0.0,0.0383,0.1183
USER_011,2026-06-29,0.0719,0.0676,0,False,0.126,0.0,0.0261,0.1945
USER_011,2026-06-30,0.1388,0.0889,0,False,0.1042,0.3333,0.0156,0.0665
USER_012,2026-06-11,0.0628,0.0628,0,False,0.0268,0.0,0.0238,0.2513
USER_012,2026-06-12,0.061,0.0622,0,False,0.1886,0.0,0.0238,0.0808
USER_012,2026-06-15,0.1172,0.0787,0,False,0.3959,0.0,0.0238,0.1543
USER_012,2026-06-16,0.0898,0.082,0,False,0.283,0.0,0.0584,0.0781
USER_012,2026-06-17,0.0656,0.0771,0,False,0.2798,0.0,0.0238,0.0123
USER_012,2026-06-18,0.0503,0.0691,0,False,0.1799,0.0,0.0003,0.0711
USER_012,2026-06-19,0.1782,0.1018,0,False,0.2451,0.3333,0.0617,0.0537
USER_012,2026-06-21,0.2117,0.1348,0,False,0.3139,0.3333,0.091,0.1083
USER_012,2026-06-22,0.2426,0.1671,0,False,0.3264,0.3333,0.1926,0.0977
USER_012,2026-06-23,0.2249,0.1845,0,False,0.2171,0.3333,0.1805,0.1369
USER_012,2026-06-24,0.2254,0.1967,0,False,0.2799,0.3333,0.2007,0.0459
USER_012,2026-06-25,0.2037,0.1988,0,False,0.2449,0.3333,0.1732,0.0137
USER_012,2026-06-26,0.2294,0.208,0,False,0.2578,0.3333,0.2277,0.0476
USER_012,2026-06-28,0.1113,0.179,0,False,0.1816,0.0,0.1742,0.1137
USER_012,2026-06-29,0.0827,0.1501,0,False,0.1626,0.0,0.1072,0.0901
USER_012,2026-06-30,0.0696,0.126,0,False,0.1157,0.0,0.084,0.1064
USER_013,2026-06-12,0.1784,0.1784,0,False,0.0389,0.0,0.0857,0.7248
USER_013,2026-06-13,0.1415,0.1674,0,False,0.127,0.0,0.0482,0.5083
USER_013,2026-06-15,0.0816,0.1416,0,False,0.321,0.0,0.0143,0.0657
USER_013,2026-06-16,0.1092,0.1319,0,False,0.0316,0.25,0.0107,0.1231
USER_013,2026-06-17,0.1199,0.1283,0,False,0.0717,0.25,0.0321,0.1046
USER_013,2026-06-18,0.1111,0.1231,0,False,0.061,0.25,0.029,0.0761
USER_013,2026-06-19,0.1012,0.1166,0,False,0.047,0.25,0.0312,0.0373
USER_013,2026-06-20,0.1309,0.1209,0,False,0.0401,0.25,0.0242,0.2032
USER_013,2026-06-22,0.2131,0.1485,0,False,0.0505,0.4,0.0652,0.317
USER_013,2026-06-23,0.2049,0.1655,0,False,0.1818,0.4,0.0029,0.2385
USER_013,2026-06-24,0.1514,0.1613,0,False,0.1584,0.25,0.037,0.1683
USER_013,2026-06-25,0.1855,0.1685,0,False,0.2845,0.25,0.0643,0.1718
USER_013,2026-06-26,0.1692,0.1687,0,False,0.2492,0.25,0.0711,0.1151
USER_013,2026-06-29,0.1736,0.1702,0,False,0.0869,0.25,0.1392,0.1971
USER_013,2026-06-30,0.1551,0.1657,0,False,0.2062,0.25,0.042,0.1312
USER_014,2026-06-12,0.2818,0.2818,0,False,0.8729,0.0,0.2207,0.205
USER_014,2026-06-14,0.291,0.2846,0,False,0.8804,0.0,0.2759,0.1609
USER_014,2026-06-15,0.1954,0.2578,0,False,0.7586,0.0,0.0314,0.1715
USER_014,2026-06-16,0.2254,0.2481,0,False,0.7615,0.0,0.1208,0.1843
USER_014,2026-06-17,0.2269,0.2418,0,False,0.6698,0.0,0.1729,0.2056
USER_014,2026-06-18,0.2083,0.2317,0,False,0.5217,0.0,0.1809,0.2483
USER_014,2026-06-19,0.1672,0.2123,0,False,0.6092,0.0,0.0891,0.093
USER_014,2026-06-22,0.1561,0.1955,0,False,0.5227,0.0,0.1677,0.0061
USER_014,2026-06-23,0.1574,0.184,0,False,0.4711,0.0,0.2062,0.0066
USER_014,2026-06-24,0.1293,0.1676,0,False,0.5316,0.0,0.0649,0.0174
USER_014,2026-06-25,0.2466,0.1913,0,False,0.4421,0.5,0.0241,0.005
USER_014,2026-06-26,0.2676,0.2142,0,False,0.4614,0.5,0.0321,0.0786
USER_014,2026-06-27,0.3132,0.2439,0,False,0.5351,0.5,0.0707,0.1748
USER_014,2026-06-29,0.2709,0.252,0,False,0.4529,0.5,0.0439,0.0856
USER_014,2026-06-30,0.2504,0.2515,0,False,0.4156,0.5,0.0401,0.0261
USER_015,2026-06-11,0.2692,0.2692,0,False,0.3276,0.0,0.3736,0.4579
USER_015,2026-06-12,0.0805,0.2126,0,False,0.0194,0.0,0.0762,0.2689
USER_015,2026-06-13,0.1452,0.1924,0,False,0.2232,0.0,0.2429,0.1385
USER_015,2026-06-14,0.167,0.1848,0,False,0.2308,0.0,0.2972,0.1587
USER_015,2026-06-15,0.2283,0.1978,0,False,0.2367,0.25,0.3118,0.0622
USER_015,2026-06-16,0.2379,0.2098,0,False,0.192,0.4,0.2613,0.0053
USER_015,2026-06-17,0.2039,0.2081,0,False,0.0136,0.4,0.2631,0.011
USER_015,2026-06-18,0.2271,0.2138,0,False,0.0762,0.4,0.2841,0.0329
USER_015,2026-06-19,0.2331,0.2196,0,False,0.0379,0.4,0.3353,0.0247
USER_015,2026-06-20,0.1799,0.2077,0,False,0.0757,0.4,0.1479,0.002
USER_015,2026-06-21,0.1952,0.2039,0,False,0.1105,0.4,0.1479,0.0435
USER_015,2026-06-22,0.1269,0.1808,0,False,0.1521,0.25,0.047,0.037
USER_015,2026-06-23,0.103,0.1575,0,False,0.0921,0.0,0.1695,0.1687
USER_015,2026-06-24,0.1078,0.1426,0,False,0.1847,0.0,0.0704,0.2487
USER_015,2026-06-25,0.1006,0.13,0,False,0.2024,0.0,0.1231,0.1157
USER_015,2026-06-26,0.1045,0.1223,0,False,0.186,0.0,0.1857,0.0581
USER_015,2026-06-27,0.1036,0.1167,0,False,0.0278,0.0,0.2588,0.1021
USER_015,2026-06-28,0.114,0.1159,0,False,0.0704,0.0,0.2663,0.1004
USER_015,2026-06-29,0.1291,0.1199,0,False,0.1232,0.0,0.2876,0.0908
USER_015,2026-06-30,0.1582,0.1314,0,False,0.0287,0.25,0.2233,0.0521
USER_016,2026-06-13,0.3593,0.3593,1,False,1.0,0.0,0.0,0.7964
USER_016,2026-06-14,0.3847,0.3669,2,False,1.0,0.0,0.0,0.9234
USER_016,2026-06-15,0.2393,0.3286,0,False,0.1883,0.0,0.2167,0.6831
USER_016,2026-06-16,0.2294,0.2989,0,False,0.5372,0.0,0.1188,0.4315
USER_016,2026-06-17,0.3851,0.3247,0,False,0.2717,0.7857,0.1339,0.2741
USER_016,2026-06-18,0.385,0.3428,0,False,0.3569,0.7857,0.1727,0.1306
USER_016,2026-06-19,0.3772,0.3531,1,False,0.3315,0.7857,0.1965,0.0813
USER_016,2026-06-20,0.3687,0.3578,2,False,0.2067,0.7857,0.2423,0.0948
USER_016,2026-06-21,0.3832,0.3654,3,False,0.2321,0.7333,0.3393,0.0747
USER_016,2026-06-22,0.4186,0.3814,4,False,0.272,0.7333,0.3183,0.2438
USER_016,2026-06-23,0.4819,0.4115,5,True,0.4697,0.7333,0.3929,0.2505
USER_016,2026-06-24,0.1879,0.3444,0,False,0.1229,0.0,0.4227,0.1823
USER_016,2026-06-25,0.2166,0.3061,0,False,0.0056,0.2,0.51,0.0125
USER_016,2026-06-26,0.2019,0.2748,0,False,0.0416,0.2,0.4398,0.008
USER_016,2026-06-27,0.1889,0.2491,0,False,0.0237,0.2,0.3907,0.0348
USER_016,2026-06-28,0.1527,0.2201,0,False,0.0271,0.2,0.2833,0.0111
USER_016,2026-06-29,0.162,0.2027,0,False,0.0164,0.2,0.278,0.0764
USER_016,2026-06-30,0.1565,0.1888,0,False,0.0316,0.25,0.2351,0.0234
USER_017,2026-06-12,0.2601,0.2601,0,False,0.8642,0.0,0.282,0.0133
USER_017,2026-06-14,0.2714,0.2635,0,False,0.8472,0.0,0.3396,0.0002
USER_017,2026-06-15,0.1183,0.2199,0,False,0.3819,0.0,0.0445,0.143
USER_017,2026-06-16,0.0682,0.1744,0,False,0.2093,0.0,0.0287,0.0888
USER_017,2026-06-17,0.0659,0.1419,0,False,0.0736,0.0,0.1237,0.0703
USER_017,2026-06-18,0.0514,0.1147,0,False,0.0972,0.0,0.0742,0.0485
USER_017,2026-06-19,0.0261,0.0881,0,False,0.0599,0.0,0.0052,0.0629
USER_017,2026-06-22,0.0858,0.0874,0,False,0.2564,0.0,0.059,0.0841
USER_017,2026-06-23,0.2232,0.1282,0,False,0.2112,0.5,0.0863,0.0252
USER_017,2026-06-24,0.2686,0.1703,0,False,0.1999,0.6667,0.0395,0.0838
USER_017,2026-06-25,0.2594,0.197,0,False,0.1777,0.6667,0.0577,0.0327
USER_017,2026-06-26,0.245,0.2114,0,False,0.1971,0.6667,0.0106,0.0121
USER_017,2026-06-27,0.2455,0.2216,0,False,0.1373,0.6667,0.0549,0.0079
USER_017,2026-06-29,0.2753,0.2377,0,False,0.2476,0.6667,0.0709,0.0224
USER_017,2026-06-30,0.2754,0.249,0,False,0.2046,0.6667,0.1061,0.0133
USER_018,2026-06-11,0.1217,0.1217,0,False,0.0898,0.0,0.1458,0.3001
USER_018,2026-06-12,0.1556,0.1319,0,False,0.5852,0.0,0.051,0.1165
USER_018,2026-06-14,0.1213,0.1287,0,False,0.4892,0.0,0.0307,0.0713
USER_018,2026-06-15,0.1058,0.1218,0,False,0.4528,0.0,0.0398,0.0164
USER_018,2026-06-16,0.0821,0.1099,0,False,0.226,0.0,0.0938,0.0437
USER_018,2026-06-17,0.0784,0.1005,0,False,0.0785,0.0,0.2074,0.0024
USER_018,2026-06-18,0.08,0.0943,0,False,0.1677,0.0,0.1489,0.009
USER_018,2026-06-19,0.0955,0.0947,0,False,0.1856,0.0,0.1603,0.0514
USER_018,2026-06-20,0.0739,0.0885,0,False,0.0456,0.0,0.1851,0.0465
USER_018,2026-06-22,0.0597,0.0798,0,False,0.0982,0.0,0.103,0.0456
USER_018,2026-06-23,0.0661,0.0757,0,False,0.1981,0.0,0.0821,0.0093
USER_018,2026-06-24,0.0843,0.0783,0,False,0.3116,0.0,0.0638,0.014
USER_018,2026-06-25,0.1,0.0848,0,False,0.3668,0.0,0.08,0.013
USER_018,2026-06-26,0.0791,0.0831,0,False,0.3349,0.0,0.0255,0.0222
USER_018,2026-06-27,0.0871,0.0843,0,False,0.3703,0.0,0.042,0.002
USER_018,2026-06-28,0.0674,0.0792,0,False,0.2931,0.0,0.0246,0.0071
USER_018,2026-06-29,0.0203,0.0615,0,False,0.0015,0.0,0.0655,0.002
USER_018,2026-06-30,0.0479,0.0574,0,False,0.1931,0.0,0.0224,0.0127
USER_019,2026-06-11,0.2712,0.2712,0,False,0.126,0.0,0.7943,0.0388
USER_019,2026-06-12,0.2519,0.2654,0,False,0.08,0.0,0.7768,0.0142
USER_019,2026-06-13,0.1708,0.2371,0,False,0.1468,0.0,0.3947,0.1152
USER_019,2026-06-14,0.0919,0.1935,0,False,0.0265,0.0,0.2435,0.0678
USER_019,2026-06-15,0.105,0.167,0,False,0.0607,0.0,0.3049,0.007
USER_019,2026-06-16,0.1332,0.1568,0,False,0.0407,0.0,0.3393,0.1163
USER_019,2026-06-17,0.1148,0.1442,0,False,0.0438,0.0,0.2692,0.1263
USER_019,2026-06-18,0.1048,0.1324,0,False,0.0906,0.0,0.1504,0.2079
USER_019,2026-06-19,0.0853,0.1183,0,False,0.0274,0.0,0.09,0.2638
USER_019,2026-06-20,0.1554,0.1294,0,False,0.1628,0.0,0.1584,0.3766
USER_019,2026-06-21,0.1399,0.1326,0,False,0.0311,0.0,0.1979,0.3716
USER_019,2026-06-22,0.1051,0.1243,0,False,0.0947,0.0,0.0822,0.3075
USER_019,2026-06-23,0.0646,0.1064,0,False,0.05,0.0,0.0222,0.2395
USER_019,2026-06-24,0.1565,0.1214,0,False,0.0346,0.25,0.0629,0.2788
USER_019,2026-06-25,0.1668,0.135,0,False,0.0116,0.25,0.1189,0.2691
USER_019,2026-06-26,0.1651,0.1441,0,False,0.0276,0.25,0.1208,0.242
USER_019,2026-06-27,0.1579,0.1482,0,False,0.0206,0.25,0.1198,0.2144
USER_019,2026-06-28,0.246,0.1775,0,False,0.3164,0.25,0.1979,0.2415
USER_019,2026-06-29,0.2975,0.2135,0,False,0.3656,0.25,0.2967,0.3016
USER_019,2026-06-30,0.2744,0.2318,0,False,0.1829,0.25,0.3004,0.3634
USER_019,2026-07-01,0.3033,0.2532,0,False,0.3529,0.25,0.293,0.349
USER_019,2026-07-02,0.3106,0.2704,0,False,0.4988,0.25,0.1979,0.3822
USER_020,2026-06-13,0.7,0.7,1,False,1.0,0.0,1.0,1.0
USER_020,2026-06-15,0.2393,0.5618,2,False,0.1419,0.0,0.3516,0.5273
USER_020,2026-06-16,0.1029,0.4241,3,False,0.1072,0.0,0.156,0.1731
USER_020,2026-06-17,0.0639,0.316,0,False,0.1079,0.0,0.0707,0.1053
USER_020,2026-06-18,0.019,0.2269,0,False,0.0323,0.0,0.0374,0.0066
USER_020,2026-06-19,0.0221,0.1655,0,False,0.0538,0.0,0.0169,0.0311
USER_020,2026-06-20,0.0173,0.121,0,False,0.0367,0.0,0.0157,0.0262
USER_020,2026-06-21,0.0236,0.0918,0,False,0.0725,0.0,0.027,0.0052
USER_020,2026-06-22,0.0657,0.084,0,False,0.1575,0.0,0.0697,0.0663
USER_020,2026-06-23,0.0478,0.0731,0,False,0.1191,0.0,0.0697,0.0155
USER_020,2026-06-24,0.0338,0.0613,0,False,0.0604,0.0,0.0697,0.0039
USER_020,2026-06-25,0.0426,0.0557,0,False,0.0445,0.0,0.0697,0.064
USER_020,2026-06-26,0.0546,0.0554,0,False,0.1102,0.0,0.0292,0.1192
USER_020,2026-06-27,0.0526,0.0546,0,False,0.1262,0.0,0.0297,0.0923
USER_020,2026-06-28,0.0463,0.0521,0,False,0.0998,0.0,0.0297,0.087
USER_020,2026-06-29,0.0511,0.0518,0,False,0.1348,0.0,0.0287,0.0775
USER_020,2026-06-30,0.0644,0.0556,0,False,0.1396,0.0,0.0193,0.1537
USER_021,2026-06-13,0.526,0.526,1,False,0.4593,0.0,1.0,0.6706
USER_021,2026-06-14,0.1968,0.4272,2,False,0.429,0.0,0.2019,0.2523
USER_021,2026-06-15,0.0055,0.3007,0,False,0.0015,0.0,0.0142,0.0046
USER_021,2026-06-16,0.0159,0.2153,0,False,0.0078,0.0,0.0243,0.0352
USER_021,2026-06-17,0.0489,0.1653,0,False,0.1124,0.0,0.0683,0.0295
USER_021,2026-06-18,0.0197,0.1217,0,False,0.0017,0.0,0.0518,0.0191
USER_021,2026-06-19,0.0084,0.0877,0,False,0.0244,0.0,0.0043,0.0109
USER_021,2026-06-20,0.1103,0.0944,0,False,0.0004,0.3333,0.0043,0.0444
USER_021,2026-06-21,0.1213,0.1025,0,False,0.0096,0.3333,0.0276,0.0555
USER_021,2026-06-22,0.1419,0.1143,0,False,0.0965,0.3333,0.0475,0.0419
USER_021,2026-06-23,0.151,0.1253,0,False,0.0916,0.3333,0.0818,0.0405
USER_021,2026-06-24,0.1545,0.1341,0,False,0.0722,0.3333,0.1036,0.0449
USER_021,2026-06-25,0.173,0.1457,0,False,0.2308,0.3333,0.0312,0.0871
USER_021,2026-06-26,0.2515,0.1775,0,False,0.3391,0.3333,0.171,0.162
USER_021,2026-06-27,0.133,0.1641,0,False,0.3378,0.0,0.1401,0.1168
USER_021,2026-06-28,0.1231,0.1518,0,False,0.3265,0.0,0.1258,0.1003
USER_021,2026-06-29,0.1789,0.1599,0,False,0.5773,0.0,0.1335,0.1168
USER_021,2026-06-30,0.0908,0.1392,0,False,0.2431,0.0,0.1149,0.0383
USER_022,2026-06-11,0.1347,0.1347,0,False,0.0571,0.0,0.1757,0.3526
USER_022,2026-06-12,0.1472,0.1384,0,False,0.1492,0.0,0.2071,0.2761
USER_022,2026-06-15,0.0319,0.1065,0,False,0.0287,0.0,0.0029,0.1264
USER_022,2026-06-16,0.0431,0.0875,0,False,0.0339,0.0,0.0407,0.1205
USER_022,2026-06-17,0.0454,0.0748,0,False,0.0496,0.0,0.0308,0.1313
USER_022,2026-06-18,0.054,0.0686,0,False,0.0435,0.0,0.0077,0.2151
USER_022,2026-06-19,0.05,0.063,0,False,0.0319,0.0,0.0496,0.1439
USER_022,2026-06-20,0.0373,0.0553,0,False,0.0411,0.0,0.034,0.0944
USER_022,2026-06-22,0.0209,0.045,0,False,0.0493,0.0,0.026,0.0164
USER_022,2026-06-23,0.0213,0.0379,0,False,0.045,0.0,0.0077,0.0498
USER_022,2026-06-24,0.0652,0.0461,0,False,0.1155,0.0,0.071,0.104
USER_022,2026-06-25,0.0558,0.049,0,False,0.0297,0.0,0.1038,0.0936
USER_022,2026-06-26,0.0261,0.0421,0,False,0.034,0.0,0.0634,0.0013
USER_022,2026-06-29,0.052,0.0451,0,False,0.0403,0.0,0.1244,0.0331
USER_022,2026-06-30,0.0513,0.0469,0,False,0.0314,0.0,0.145,0.0076
USER_023,2026-06-15,0.1609,0.1609,0,False,0.4697,0.0,0.2038,0.0289
USER_023,2026-06-16,0.1333,0.1526,0,False,0.2777,0.0,0.1204,0.2084
USER_023,2026-06-17,0.0872,0.133,0,False,0.0941,0.0,0.1283,0.1496
USER_023,2026-06-18,0.0598,0.111,0,False,0.0135,0.0,0.034,0.2346
USER_023,2026-06-19,0.0515,0.0932,0,False,0.051,0.0,0.083,0.0818
USER_023,2026-06-22,0.0496,0.0801,0,False,0.0033,0.0,0.105,0.0872
USER_023,2026-06-23,0.2195,0.1219,0,False,0.009,0.5,0.1759,0.0743
USER_023,2026-06-24,0.2472,0.1595,0,False,0.0092,0.5,0.2564,0.0921
USER_023,2026-06-25,0.2519,0.1872,0,False,0.1311,0.5,0.2168,0.0534
USER_023,2026-06-26,0.2811,0.2154,0,False,0.1246,0.5,0.3153,0.0579
USER_023,2026-06-27,0.2688,0.2314,0,False,0.1314,0.5,0.3038,0.007
USER_023,2026-06-29,0.2832,0.2469,0,False,0.1459,0.5,0.3014,0.068
USER_023,2026-06-30,0.3179,0.2682,0,False,0.2478,0.5,0.3369,0.0863
USER_024,2026-06-12,0.0915,0.0915,0,False,0.1689,0.0,0.1376,0.0821
USER_024,2026-06-15,0.0828,0.0889,0,False,0.0986,0.0,0.196,0.0216
USER_024,2026-06-16,0.064,0.0814,0,False,0.1394,0.0,0.0682,0.0786
USER_024,2026-06-17,0.0442,0.0703,0,False,0.0361,0.0,0.052,0.107
USER_024,2026-06-18,0.0616,0.0677,0,False,0.0822,0.0,0.0909,0.0894
USER_024,2026-06-19,0.0693,0.0681,0,False,0.1177,0.0,0.0764,0.114
USER_024,2026-06-20,0.0703,0.0688,0,False,0.1358,0.0,0.0674,0.1149
USER_024,2026-06-21,0.0726,0.0699,0,False,0.1654,0.0,0.0459,0.1287
USER_024,2026-06-22,0.0456,0.0626,0,False,0.0235,0.0,0.0037,0.199
USER_024,2026-06-23,0.0478,0.0582,0,False,0.0136,0.0,0.0347,0.1735
USER_024,2026-06-24,0.0425,0.0535,0,False,0.0733,0.0,0.0229,0.1049
USER_024,2026-06-25,0.1255,0.0751,0,False,0.0132,0.25,0.1094,0.0752
USER_024,2026-06-26,0.116,0.0874,0,False,0.0041,0.25,0.1094,0.0368
USER_024,2026-06-27,0.2094,0.124,0,False,0.1858,0.4,0.0459,0.1925
USER_024,2026-06-29,0.2387,0.1584,0,False,0.3052,0.4,0.0734,0.1783
USER_024,2026-06-30,0.2174,0.1761,0,False,0.1523,0.4,0.0512,0.2577
USER_025,2026-06-13,0.6058,0.6058,1,False,0.8017,0.0,0.9565,0.7928
USER_025,2026-06-14,0.5353,0.5847,2,False,1.0,0.0,0.9565,0.2417
USER_025,2026-06-15,0.2098,0.4722,3,False,0.5301,0.0,0.3144,0.0471
USER_025,2026-06-16,0.1402,0.3726,4,False,0.5434,0.0,0.0939,0.0166
USER_025,2026-06-17,0.078,0.2842,0,False,0.2326,0.0,0.0421,0.0942
USER_025,2026-06-18,0.108,0.2313,0,False,0.1591,0.0,0.2256,0.0424
USER_025,2026-06-19,0.08,0.1859,0,False,0.0981,0.0,0.1513,0.0748
USER_025,2026-06-22,0.1408,0.1724,0,False,0.2435,0.0,0.218,0.1336
USER_025,2026-06-23,0.2152,0.1852,0,False,0.3387,0.25,0.2009,0.0609
USER_025,2026-06-24,0.1835,0.1847,0,False,0.3928,0.25,0.0922,0.0114
USER_025,2026-06-25,0.2126,0.1931,0,False,0.3961,0.25,0.1747,0.0299
USER_025,2026-06-26,0.1331,0.1751,0,False,0.1457,0.25,0.0508,0.0688
USER_025,2026-06-29,0.1455,0.1662,0,False,0.082,0.25,0.1395,0.0615
USER_025,2026-06-30,0.1546,0.1627,0,False,0.0869,0.4,0.0194,0.057
USER_026,2026-06-12,0.255,0.255,0,False,1.0,0.0,0.027,0.2344
USER_026,2026-06-14,0.2489,0.2532,0,False,1.0,0.0,0.027,0.2039
USER_026,2026-06-15,0.2103,0.2403,0,False,0.6769,0.0,0.027,0.3342
USER_026,2026-06-16,0.0876,0.1945,0,False,0.1699,0.0,0.027,0.2277
USER_026,2026-06-17,0.036,0.147,0,False,0.0297,0.0,0.027,0.1098
USER_026,2026-06-18,0.0574,0.1201,0,False,0.1155,0.0,0.027,0.1312
USER_026,2026-06-19,0.0428,0.0969,0,False,0.0545,0.0,0.027,0.1188
USER_026,2026-06-20,0.0675,0.0881,0,False,0.1914,0.0,0.027,0.1056
USER_026,2026-06-21,0.0666,0.0816,0,False,0.1701,0.0,0.027,0.1224
USER_026,2026-06-22,0.0703,0.0782,0,False,0.2653,0.0,0.027,0.0458
USER_026,2026-06-23,0.0784,0.0783,0,False,0.2774,0.0,0.027,0.0742
USER_026,2026-06-24,0.0614,0.0732,0,False,0.1335,0.0,0.027,0.1328
USER_026,2026-06-25,0.0674,0.0715,0,False,0.2223,0.0,0.027,0.0742
USER_026,2026-06-26,0.0639,0.0692,0,False,0.1699,0.0,0.027,0.1092
USER_026,2026-06-27,0.0491,0.0632,0,False,0.1214,0.0,0.027,0.0837
USER_026,2026-06-28,0.0583,0.0617,0,False,0.1587,0.0,0.027,0.0922
USER_026,2026-06-29,0.0824,0.0679,0,False,0.2731,0.0,0.027,0.0982
USER_026,2026-06-30,0.1806,0.1017,0,False,0.2702,0.3333,0.0715,0.0258
USER_027,2026-06-11,0.1242,0.1242,0,False,0.5235,0.0,0.0415,0.0353
USER_027,2026-06-12,0.1069,0.119,0,False,0.4456,0.0,0.0415,0.0266
USER_027,2026-06-13,0.0933,0.1113,0,False,0.3732,0.0,0.0415,0.0309
USER_027,2026-06-14,0.0788,0.1015,0,False,0.2919,0.0,0.0415,0.0399
USER_027,2026-06-15,0.0558,0.0878,0,False,0.1586,0.0,0.0415,0.0579
USER_027,2026-06-16,0.0244,0.0688,0,False,0.0022,0.0,0.0415,0.0576
USER_027,2026-06-17,0.0253,0.0557,0,False,0.0176,0.0,0.0415,0.0466
USER_027,2026-06-18,0.0295,0.0479,0,False,0.0445,0.0,0.0415,0.0409
USER_027,2026-06-19,0.0374,0.0447,0,False,0.0696,0.0,0.0415,0.0552
USER_027,2026-06-20,0.0228,0.0382,0,False,0.0342,0.0,0.0194,0.0507
USER_027,2026-06-22,0.0288,0.0354,0,False,0.0714,0.0,0.0211,0.0411
USER_027,2026-06-23,0.0188,0.0304,0,False,0.0624,0.0,0.0048,0.0241
USER_027,2026-06-24,0.1177,0.0566,0,False,0.0713,0.3333,0.0033,0.0121
USER_027,2026-06-25,0.1171,0.0747,0,False,0.033,0.3333,0.028,0.0105
USER_027,2026-06-26,0.1185,0.0879,0,False,0.0079,0.3333,0.0357,0.0312
USER_027,2026-06-27,0.1463,0.1054,0,False,0.0914,0.3333,0.0878,0.0082
USER_027,2026-06-28,0.1459,0.1176,0,False,0.1415,0.3333,0.0555,0.005
USER_027,2026-06-29,0.1683,0.1328,0,False,0.2137,0.3333,0.0675,0.0267
USER_027,2026-06-30,0.1948,0.1514,0,False,0.1049,0.5,0.0482,0.0467
USER_028,2026-06-12,0.111,0.111,0,False,0.0907,0.0,0.2703,0.0587
USER_028,2026-06-13,0.1085,0.1102,0,False,0.0238,0.0,0.3253,0.0306
USER_028,2026-06-14,0.1358,0.1179,0,False,0.0874,0.0,0.3745,0.0298
USER_028,2026-06-15,0.0091,0.0852,0,False,0.0199,0.0,0.0061,0.0162
USER_028,2026-06-16,0.0421,0.0723,0,False,0.0015,0.0,0.0807,0.0878
USER_028,2026-06-17,0.0254,0.0582,0,False,0.0604,0.0,0.0315,0.0196
USER_028,2026-06-18,0.0499,0.0557,0,False,0.0803,0.0,0.0699,0.0642
USER_028,2026-06-19,0.0754,0.0616,0,False,0.0795,0.0,0.1697,0.0432
USER_028,2026-06-20,0.0671,0.0633,0,False,0.055,0.0,0.1697,0.0259
USER_028,2026-06-21,0.0786,0.0679,0,False,0.0638,0.0,0.2083,0.017
USER_028,2026-06-22,0.034,0.0577,0,False,0.0638,0.0,0.0537,0.0258
USER_028,2026-06-23,0.119,0.0761,0,False,0.0631,0.25,0.0725,0.0483
USER_028,2026-06-24,0.1353,0.0939,0,False,0.0333,0.25,0.0941,0.1272
USER_028,2026-06-25,0.1543,0.112,0,False,0.0999,0.25,0.0081,0.2842
USER_028,2026-06-26,0.1192,0.1142,0,False,0.017,0.25,0.0151,0.1814
USER_028,2026-06-27,0.1253,0.1175,0,False,0.0425,0.25,0.0151,0.1865
USER_028,2026-06-29,0.1459,0.126,0,False,0.0101,0.25,0.0818,0.2216
USER_028,2026-06-30,0.1864,0.1441,0,False,0.0313,0.4,0.0502,0.2257
USER_029,2026-06-11,0.0672,0.0672,0,False,0.2165,0.0,0.0,0.1196
USER_029,2026-06-12,0.0339,0.0572,0,False,0.0276,0.0,0.0,0.1419
USER_029,2026-06-15,0.0426,0.0528,0,False,0.0711,0.0,0.0,0.1418
USER_029,2026-06-16,0.0488,0.0516,0,False,0.0958,0.0,0.0,0.1483
USER_029,2026-06-17,0.0466,0.0501,0,False,0.1478,0.0,0.0,0.0853
USER_029,2026-06-18,0.0366,0.0461,0,False,0.161,0.0,0.0,0.0218
USER_029,2026-06-19,0.0322,0.0419,0,False,0.127,0.0,0.0,0.0341
USER_029,2026-06-20,0.0435,0.0424,0,False,0.1617,0.0,0.0,0.056
USER_029,2026-06-22,0.0342,0.0399,0,False,0.1687,0.0,0.0,0.0021
USER_029,2026-06-23,0.1335,0.068,0,False,0.2012,0.25,0.0341,0.0404
USER_029,2026-06-24,0.1101,0.0806,0,False,0.0526,0.25,0.0348,0.0707
USER_029,2026-06-25,0.1018,0.087,0,False,0.0179,0.25,0.0344,0.0647
USER_029,2026-06-26,0.0976,0.0902,0,False,0.0301,0.25,0.032,0.0347
USER_029,2026-06-28,0.0988,0.0927,0,False,0.0481,0.25,0.0388,0.0125
USER_029,2026-06-29,0.0912,0.0923,0,False,0.0095,0.25,0.0335,0.0215
USER_029,2026-06-30,0.0808,0.0889,0,False,0.0166,0.2,0.0323,0.0391
USER_030,2026-06-11,0.1648,0.1648,0,False,0.4912,0.0,0.1801,0.0627
USER_030,2026-06-12,0.037,0.1265,0,False,0.0042,0.0,0.0357,0.127
USER_030,2026-06-14,0.039,0.1002,0,False,0.0124,0.0,0.0482,0.1104
USER_030,2026-06-15,0.0472,0.0843,0,False,0.0314,0.0,0.0507,0.1288
USER_030,2026-06-16,0.1225,0.0958,0,False,0.1006,0.25,0.0104,0.1213
USER_030,2026-06-17,0.1131,0.101,0,False,0.0611,0.25,0.0066,0.1194
USER_030,2026-06-18,0.1072,0.1028,0,False,0.0051,0.25,0.0218,0.123
USER_030,2026-06-19,0.392,0.1896,0,False,0.1426,0.8,0.0665,0.5178
USER_030,2026-06-20,0.4252,0.2603,0,False,0.2328,0.8,0.0507,0.6172
USER_030,2026-06-21,0.4208,0.3084,0,False,0.2103,0.8,0.0507,0.6175
USER_030,2026-06-22,0.4053,0.3375,0,False,0.1777,0.8,0.0132,0.629
USER_030,2026-06-23,0.4366,0.3672,1,False,0.3074,0.7857,0.0448,0.63
USER_030,2026-06-24,0.4926,0.4048,2,False,0.4544,0.7857,0.0882,0.6974
USER_030,2026-06-25,0.5016,0.4339,3,False,0.4474,0.7857,0.1233,0.6971
USER_030,2026-06-26,0.0919,0.3313,0,False,0.2119,0.0,0.1321,0.0494
USER_030,2026-06-27,0.1008,0.2621,0,False,0.2786,0.0,0.1233,0.0405
USER_030,2026-06-28,0.1149,0.218,0,False,0.3386,0.0,0.1233,0.0508
USER_030,2026-06-29,0.1091,0.1853,0,False,0.3929,0.0,0.0809,0.0314
USER_030,2026-06-30,0.074,0.1519,0,False,0.0794,0.0,0.151,0.0641
USER_031,2026-06-11,0.2051,0.2051,0,False,0.6281,0.0,0.1959,0.1037
USER_031,2026-06-12,0.1548,0.19,0,False,0.4463,0.0,0.0997,0.178
USER_031,2026-06-14,0.1398,0.175,0,False,0.3976,0.0,0.0844,0.1749
USER_031,2026-06-15,0.1285,0.161,0,False,0.4763,0.0,0.0565,0.0813
USER_031,2026-06-16,0.1195,0.1486,0,False,0.4893,0.0,0.0543,0.027
USER_031,2026-06-17,0.1177,0.1393,0,False,0.46,0.0,0.0653,0.0305
USER_031,2026-06-18,0.1092,0.1303,0,False,0.4228,0.0,0.0782,0.0056
USER_031,2026-06-19,0.12,0.1272,0,False,0.3848,0.0,0.108,0.0533
USER_031,2026-06-20,0.1395,0.1309,0,False,0.3883,0.0,0.1336,0.1089
USER_031,2026-06-22,0.2408,0.1639,0,False,0.3449,0.3333,0.1869,0.0785
USER_031,2026-06-23,0.2182,0.1802,0,False,0.2394,0.3333,0.2054,0.0437
USER_031,2026-06-24,0.1928,0.1839,0,False,0.1308,0.3333,0.2142,0.0116
USER_031,2026-06-25,0.1788,0.1824,0,False,0.1171,0.3333,0.1621,0.0336
USER_031,2026-06-26,0.1591,0.1754,0,False,0.0303,0.3333,0.1372,0.0592
USER_031,2026-06-28,0.1684,0.1733,0,False,0.0812,0.3333,0.1013,0.1087
USER_031,2026-06-29,0.1596,0.1692,0,False,0.089,0.3333,0.0734,0.0988
USER_031,2026-06-30,0.2064,0.1803,0,False,0.1211,0.5,0.0371,0.1049
USER_032,2026-06-11,0.2042,0.2042,0,False,0.7861,0.0,0.0,0.2348
USER_032,2026-06-12,0.1724,0.1946,0,False,0.6939,0.0,0.0,0.1684
USER_032,2026-06-13,0.1632,0.1852,0,False,0.6815,0.0,0.0,0.1347
USER_032,2026-06-14,0.1555,0.1763,0,False,0.639,0.0,0.0,0.1384
USER_032,2026-06-15,0.1304,0.1625,0,False,0.5825,0.0,0.0,0.0693
USER_032,2026-06-16,0.1117,0.1473,0,False,0.5256,0.0,0.0,0.033
USER_032,2026-06-17,0.107,0.1352,0,False,0.4973,0.0,0.0,0.0375
USER_032,2026-06-18,0.061,0.1129,0,False,0.3006,0.0,0.0,0.0042
USER_032,2026-06-19,0.1787,0.1327,0,False,0.1355,0.5,0.0,0.0081
USER_032,2026-06-20,0.1776,0.1461,0,False,0.1371,0.5,0.0,0.0009
USER_032,2026-06-21,0.1999,0.1623,0,False,0.1855,0.5,0.0,0.0642
USER_032,2026-06-22,0.2372,0.1848,0,False,0.1885,0.5,0.1052,0.0896
USER_032,2026-06-23,0.2453,0.2029,0,False,0.0977,0.5,0.1754,0.1159
USER_032,2026-06-24,0.2468,0.2161,0,False,0.1069,0.5,0.1473,0.1561
USER_032,2026-06-25,0.2945,0.2396,0,False,0.2449,0.5,0.2046,0.1705
USER_032,2026-06-26,0.342,0.2703,0,False,0.2689,0.5,0.307,0.2308
USER_032,2026-06-29,0.3148,0.2837,0,False,0.1572,0.5,0.278,0.2497
USER_032,2026-06-30,0.3005,0.2887,0,False,0.1714,0.5,0.254,0.2003
USER_033,2026-06-13,0.5321,0.5321,1,False,1.0,0.0,1.0,0.1606
USER_033,2026-06-15,0.3567,0.4795,2,False,0.919,0.0,0.3816,0.2922
USER_033,2026-06-16,0.2339,0.4058,3,False,0.3739,0.0,0.367,0.2453
USER_033,2026-06-17,0.2369,0.3552,4,False,0.3766,0.0,0.4284,0.1654
USER_033,2026-06-18,0.2476,0.3229,0,False,0.5259,0.0,0.2894,0.2781
USER_033,2026-06-19,0.2269,0.2941,0,False,0.4367,0.0,0.3077,0.2364
USER_033,2026-06-21,0.234,0.2761,0,False,0.4334,0.0,0.3276,0.2452
USER_033,2026-06-22,0.2628,0.2721,0,False,0.5956,0.0,0.3002,0.2682
USER_033,2026-06-23,0.3054,0.2821,0,False,0.8597,0.0,0.2836,0.2417
USER_033,2026-06-24,0.373,0.3094,0,False,0.9278,0.3333,0.2075,0.1259
USER_033,2026-06-25,0.2604,0.2947,0,False,0.5354,0.25,0.1901,0.1065
USER_033,2026-06-26,0.3442,0.3095,0,False,0.7471,0.25,0.3192,0.1201
USER_033,2026-06-27,0.359,0.3244,0,False,0.7433,0.25,0.3426,0.1628
USER_033,2026-06-29,0.3377,0.3284,0,False,0.6986,0.25,0.3816,0.0425
USER_033,2026-06-30,0.3194,0.3257,0,False,0.5207,0.25,0.415,0.0787
USER_034,2026-06-13,0.2468,0.2468,0,False,1.0,0.0,0.0,0.2339
USER_034,2026-06-15,0.1222,0.2094,0,False,0.184,0.0,0.0,0.4269
USER_034,2026-06-16,0.2759,0.2293,0,False,0.1237,0.5,0.0944,0.364
USER_034,2026-06-17,0.2348,0.231,0,False,0.2098,0.5,0.0585,0.1263
USER_034,2026-06-18,0.241,0.234,0,False,0.2139,0.5,0.0485,0.1684
USER_034,2026-06-19,0.2435,0.2368,0,False,0.2703,0.5,0.0419,0.1345
USER_034,2026-06-20,0.2432,0.2387,0,False,0.278,0.5,0.0409,0.1264
USER_034,2026-06-21,0.2268,0.2351,0,False,0.1897,0.5,0.0414,0.132
USER_034,2026-06-22,0.2094,0.2274,0,False,0.1451,0.5,0.0455,0.0836
USER_034,2026-06-23,0.0323,0.1689,0,False,0.1557,0.0,0.0,0.0059
USER_034,2026-06-24,0.0434,0.1312,0,False,0.0717,0.0,0.0,0.1451
USER_034,2026-06-25,0.0339,0.102,0,False,0.0641,0.0,0.0,0.1055
USER_034,2026-06-26,0.0578,0.0888,0,False,0.1244,0.0,0.0,0.1646
USER_034,2026-06-28,0.0582,0.0796,0,False,0.1112,0.0,0.0,0.1799
USER_034,2026-06-29,0.044,0.0689,0,False,0.032,0.0,0.0,0.1879
USER_034,2026-06-30,0.0435,0.0613,0,False,0.0534,0.0,0.0,0.1642
USER_035,2026-06-12,0.1692,0.1692,0,False,0.169,0.0,0.279,0.2586
USER_035,2026-06-13,0.1549,0.1649,0,False,0.2066,0.0,0.2327,0.2188
USER_035,2026-06-15,0.1098,0.1484,0,False,0.2425,0.0,0.1927,0.0177
USER_035,2026-06-16,0.0803,0.128,0,False,0.2758,0.0,0.0623,0.032
USER_035,2026-06-17,0.0724,0.1113,0,False,0.2112,0.0,0.0788,0.0324
USER_035,2026-06-18,0.0822,0.1025,0,False,0.1996,0.0,0.0812,0.0895
USER_035,2026-06-19,0.0605,0.0899,0,False,0.1759,0.0,0.0316,0.0792
USER_035,2026-06-20,0.1744,0.1153,0,False,0.1671,0.3333,0.0479,0.1331
USER_035,2026-06-22,0.1511,0.126,0,False,0.1494,0.3333,0.0079,0.0944
USER_035,2026-06-23,0.1526,0.134,0,False,0.1008,0.3333,0.0749,0.0498
USER_035,2026-06-24,0.1863,0.1497,0,False,0.1279,0.5,0.0029,0.049
USER_035,2026-06-25,0.2038,0.1659,0,False,0.1669,0.5,0.0145,0.0802
USER_035,2026-06-26,0.2089,0.1788,0,False,0.1411,0.5,0.0775,0.0371
USER_035,2026-06-28,0.1963,0.1841,0,False,0.1571,0.5,0.0269,0.0341
USER_035,2026-06-29,0.138,0.1702,0,False,0.0763,0.3333,0.0148,0.0915
USER_035,2026-06-30,0.2047,0.1806,0,False,0.0929,0.5,0.0666,0.081
USER_036,2026-06-12,0.0828,0.0828,0,False,0.2159,0.0,0.0,0.1981
USER_036,2026-06-15,0.1173,0.0932,0,False,0.4138,0.0,0.0,0.1726
USER_036,2026-06-16,0.0815,0.0897,0,False,0.3213,0.0,0.0,0.0863
USER_036,2026-06-17,0.0878,0.0891,0,False,0.1285,0.0,0.0,0.3107
USER_036,2026-06-18,0.0841,0.0876,0,False,0.0905,0.0,0.0,0.33
USER_036,2026-06-19,0.103,0.0922,0,False,0.1877,0.0,0.0,0.3272
USER_036,2026-06-22,0.2238,0.1317,0,False,0.0894,0.2,0.3684,0.1768
USER_036,2026-06-23,0.2429,0.1651,0,False,0.1465,0.2,0.3767,0.2032
USER_036,2026-06-24,0.4935,0.2636,0,False,0.3568,0.6364,0.7691,0.0027
USER_036,2026-06-25,0.5205,0.3407,0,False,0.4056,0.6364,0.8234,0.0073
USER_036,2026-06-26,0.5779,0.4118,1,False,0.4909,0.6364,0.8859,0.1152
USER_036,2026-06-29,0.6205,0.4744,2,False,0.4974,0.7,0.9458,0.1363
USER_036,2026-06-30,0.6299,0.5211,3,False,0.3671,0.7273,1.0,0.1917
USER_037,2026-06-12,0.3433,0.3433,0,False,1.0,0.0,0.327,0.2262
USER_037,2026-06-13,0.3232,0.3373,0,False,1.0,0.0,0.2144,0.2946
USER_037,2026-06-15,0.1335,0.2762,0,False,0.3869,0.0,0.0374,0.2243
USER_037,2026-06-16,0.1023,0.224,0,False,0.4354,0.0,0.0286,0.0334
USER_037,2026-06-17,0.1818,0.2113,0,False,0.6399,0.0,0.0702,0.1637
USER_037,2026-06-18,0.1569,0.195,0,False,0.4935,0.0,0.0492,0.2173
USER_037,2026-06-19,0.1676,0.1868,0,False,0.5166,0.0,0.0969,0.1762
USER_037,2026-06-20,0.1309,0.17,0,False,0.3791,0.0,0.0596,0.1862
USER_037,2026-06-21,0.1197,0.1549,0,False,0.3415,0.0,0.0596,0.1675
USER_037,2026-06-22,0.1124,0.1422,0,False,0.3012,0.0,0.0905,0.1249
USER_037,2026-06-23,0.0604,0.1176,0,False,0.0256,0.0,0.0567,0.1913
USER_037,2026-06-24,0.241,0.1546,0,False,0.3198,0.3333,0.161,0.1437
USER_037,2026-06-25,0.2375,0.1795,0,False,0.4322,0.3333,0.096,0.1115
USER_037,2026-06-26,0.2269,0.1937,0,False,0.4683,0.3333,0.0413,0.104
USER_037,2026-06-27,0.2155,0.2002,0,False,0.4747,0.3333,0.014,0.0817
USER_037,2026-06-29,0.1537,0.1863,0,False,0.2073,0.3333,0.0407,0.0003
USER_037,2026-06-30,0.1702,0.1815,0,False,0.2672,0.3333,0.0343,0.0323
USER_038,2026-06-11,0.0846,0.0846,0,False,0.3037,0.0,0.0474,0.0482
USER_038,2026-06-12,0.082,0.0838,0,False,0.2174,0.0,0.0796,0.073
USER_038,2026-06-14,0.1036,0.0897,0,False,0.2402,0.0,0.1239,0.0919
USER_038,2026-06-15,0.081,0.0871,0,False,0.2003,0.0,0.0547,0.1227
USER_038,2026-06-16,0.0865,0.0869,0,False,0.1461,0.0,0.0866,0.1566
USER_038,2026-06-17,0.0442,0.0741,0,False,0.075,0.0,0.0049,0.1387
USER_038,2026-06-18,0.0466,0.0659,0,False,0.0156,0.0,0.0213,0.1856
USER_038,2026-06-19,0.0493,0.0609,0,False,0.0499,0.0,0.0438,0.1307
USER_038,2026-06-22,0.0335,0.0527,0,False,0.074,0.0,0.0325,0.0448
USER_038,2026-06-23,0.0422,0.0495,0,False,0.0952,0.0,0.0645,0.0188
USER_038,2026-06-24,0.0329,0.0445,0,False,0.1156,0.0,0.0107,0.0328
USER_038,2026-06-25,0.0345,0.0415,0,False,0.0727,0.0,0.0421,0.0368
USER_038,2026-06-26,0.0275,0.0373,0,False,0.0823,0.0,0.0122,0.0369
USER_038,2026-06-28,0.0112,0.0295,0,False,0.02,0.0,0.0182,0.0085
USER_038,2026-06-29,0.0126,0.0244,0,False,0.0267,0.0,0.0056,0.028
USER_038,2026-06-30,0.0306,0.0263,0,False,0.0151,0.0,0.0247,0.1008
USER_039,2026-06-13,0.513,0.513,1,False,0.8809,0.0,1.0,0.1839
USER_039,2026-06-15,0.3511,0.4644,2,False,0.8079,0.0,0.4233,0.3126
USER_039,2026-06-16,0.3006,0.4153,3,False,0.6917,0.0,0.3488,0.2881
USER_039,2026-06-17,0.2292,0.3595,4,False,0.4315,0.0,0.3384,0.2072
USER_039,2026-06-18,0.2182,0.3171,0,False,0.2972,0.0,0.332,0.2961
USER_039,2026-06-19,0.1594,0.2698,0,False,0.2826,0.0,0.2502,0.139
USER_039,2026-06-21,0.1617,0.2373,0,False,0.2772,0.0,0.2694,0.127
USER_039,2026-06-22,0.0571,0.1833,0,False,0.2106,0.0,0.0299,0.0297
USER_039,2026-06-23,0.0325,0.138,0,False,0.02,0.0,0.0299,0.0978
USER_039,2026-06-24,0.058,0.114,0,False,0.151,0.0,0.0086,0.126
USER_039,2026-06-25,0.0598,0.0978,0,False,0.1292,0.0,0.0299,0.1249
USER_039,2026-06-26,0.0824,0.0932,0,False,0.175,0.0,0.0344,0.1854
USER_039,2026-06-27,0.1074,0.0974,0,False,0.2922,0.0,0.0471,0.1739
USER_039,2026-06-29,0.0862,0.0941,0,False,0.2163,0.0,0.0299,0.1699
USER_039,2026-06-30,0.2559,0.1426,0,False,0.2968,0.3333,0.2735,0.0726
USER_040,2026-06-13,0.6709,0.6709,1,False,1.0,0.0,1.0,0.8543
USER_040,2026-06-15,0.1837,0.5247,2,False,0.0935,0.0,0.5139,0.0539
USER_040,2026-06-16,0.1405,0.4094,3,False,0.1135,0.0,0.3922,0.0008
USER_040,2026-06-17,0.1366,0.3276,0,False,0.1419,0.0,0.3299,0.0465
USER_040,2026-06-18,0.0904,0.2564,0,False,0.0756,0.0,0.2283,0.034
USER_040,2026-06-19,0.1016,0.21,0,False,0.1857,0.0,0.1329,0.1231
USER_040,2026-06-22,0.0784,0.1705,0,False,0.143,0.0,0.0752,0.1362
USER_040,2026-06-23,0.1481,0.1638,0,False,0.0528,0.3333,0.0344,0.1363
USER_040,2026-06-24,0.1651,0.1642,0,False,0.08,0.3333,0.0969,0.0999
USER_040,2026-06-25,0.1578,0.1623,0,False,0.0258,0.3333,0.1011,0.1116
USER_040,2026-06-26,0.1665,0.1635,0,False,0.0365,0.3333,0.1374,0.0901
USER_040,2026-06-28,0.1551,0.161,0,False,0.0198,0.3333,0.1393,0.047
USER_040,2026-06-29,0.1967,0.1717,0,False,0.2133,0.3333,0.1612,0.0286
USER_040,2026-06-30,0.2288,0.1889,0,False,0.2284,0.3333,0.2248,0.0785
USER_041,2026-06-11,0.0325,0.0325,0,False,0.1023,0.0,0.0058,0.0514
USER_041,2026-06-12,0.1705,0.0739,0,False,0.2163,0.25,0.0755,0.148
USER_041,2026-06-13,0.1793,0.1055,0,False,0.2665,0.25,0.1298,0.0601
USER_041,2026-06-14,0.1684,0.1244,0,False,0.232,0.25,0.1532,0.0052
USER_041,2026-06-15,0.1348,0.1275,0,False,0.1001,0.25,0.1091,0.0355
USER_041,2026-06-16,0.2013,0.1496,0,False,0.1295,0.4,0.1353,0.074
USER_041,2026-06-17,0.2248,0.1722,0,False,0.1814,0.4,0.1955,0.0495
USER_041,2026-06-18,0.2801,0.2046,0,False,0.313,0.4,0.2587,0.0994
USER_041,2026-06-19,0.2078,0.2055,0,False,0.3088,0.25,0.2335,0.005
USER_041,2026-06-20,0.2048,0.2053,0,False,0.2665,0.25,0.2098,0.0677
USER_041,2026-06-21,0.225,0.2112,0,False,0.2558,0.25,0.2015,0.192
USER_041,2026-06-22,0.2146,0.2122,0,False,0.31,0.25,0.1816,0.1158
USER_041,2026-06-23,0.1153,0.1832,0,False,0.234,0.0,0.1749,0.08
USER_041,2026-06-24,0.1678,0.1785,0,False,0.1519,0.25,0.1208,0.1308
USER_041,2026-06-25,0.1575,0.1722,0,False,0.05,0.25,0.1695,0.108
USER_041,2026-06-26,0.1501,0.1656,0,False,0.0783,0.25,0.1174,0.1209
USER_041,2026-06-27,0.145,0.1594,0,False,0.1168,0.25,0.096,0.0891
USER_041,2026-06-28,0.1446,0.155,0,False,0.1606,0.25,0.0984,0.0398
USER_041,2026-06-29,0.1698,0.1594,0,False,0.2034,0.25,0.0963,0.1259
USER_041,2026-06-30,0.2004,0.1717,0,False,0.4553,0.25,0.0324,0.1233
USER_042,2026-06-14,0.5679,0.5679,1,False,0.9855,0.0,1.0,0.354
USER_042,2026-06-15,0.4072,0.5197,2,False,0.4744,0.0,1.0,0.0619
USER_042,2026-06-16,0.294,0.452,3,False,0.5398,0.0,0.5459,0.1116
USER_042,2026-06-17,0.2694,0.3972,4,False,0.5572,0.0,0.4896,0.0552
USER_042,2026-06-18,0.113,0.312,0,False,0.4608,0.0,0.0612,0.0124
USER_042,2026-06-19,0.2193,0.2841,0,False,0.501,0.3333,0.0567,0.0101
USER_042,2026-06-22,0.2197,0.2648,0,False,0.5055,0.3333,0.0346,0.0413
USER_042,2026-06-23,0.2638,0.2645,0,False,0.3682,0.5,0.0666,0.1008
USER_042,2026-06-24,0.357,0.2923,0,False,0.4053,0.5,0.2978,0.1831
USER_042,2026-06-25,0.3795,0.3184,0,False,0.2954,0.5,0.474,0.141
USER_042,2026-06-26,0.4349,0.3534,1,False,0.4741,0.5,0.4552,0.2676
USER_042,2026-06-29,0.4221,0.374,2,False,0.7168,0.5,0.2978,0.197
USER_042,2026-06-30,0.3841,0.377,3,False,0.6487,0.5,0.1837,0.246
USER_043,2026-06-12,0.2579,0.2579,0,False,0.2749,0.0,0.5434,0.1996
USER_043,2026-06-15,0.2066,0.2425,0,False,0.3171,0.0,0.3976,0.1195
USER_043,2026-06-16,0.1999,0.2298,0,False,0.2572,0.0,0.4214,0.1103
USER_043,2026-06-17,0.1859,0.2166,0,False,0.299,0.0,0.3597,0.0911
USER_043,2026-06-18,0.1469,0.1957,0,False,0.1919,0.0,0.3345,0.0407
USER_043,2026-06-19,0.1422,0.1796,0,False,0.1732,0.0,0.3397,0.0283
USER_043,2026-06-20,0.1318,0.1653,0,False,0.1695,0.0,0.3126,0.0205
USER_043,2026-06-22,0.0999,0.1457,0,False,0.1424,0.0,0.2351,0.0047
USER_043,2026-06-23,0.0768,0.125,0,False,0.0916,0.0,0.1918,0.005
USER_043,2026-06-24,0.0687,0.1081,0,False,0.1072,0.0,0.1569,0.0008
USER_043,2026-06-25,0.0566,0.0927,0,False,0.0337,0.0,0.1297,0.0547
USER_043,2026-06-26,0.0678,0.0852,0,False,0.096,0.0,0.1431,0.0282
USER_043,2026-06-29,0.0436,0.0727,0,False,0.0391,0.0,0.1165,0.004
USER_043,2026-06-30,0.0667,0.0709,0,False,0.0671,0.0,0.1606,0.0254
USER_044,2026-06-12,0.1313,0.1313,0,False,0.2872,0.0,0.106,0.2103
USER_044,2026-06-13,0.1198,0.1279,0,False,0.2434,0.0,0.0782,0.2381
USER_044,2026-06-14,0.1208,0.1257,0,False,0.3249,0.0,0.0306,0.2331
USER_044,2026-06-15,0.0812,0.1124,0,False,0.2002,0.0,0.0115,0.1885
USER_044,2026-06-16,0.0484,0.0932,0,False,0.1107,0.0,0.005,0.1239
USER_044,2026-06-17,0.056,0.082,0,False,0.1233,0.0,0.0506,0.0809
USER_044,2026-06-18,0.0476,0.0717,0,False,0.0773,0.0,0.0712,0.0539
USER_044,2026-06-19,0.0422,0.0628,0,False,0.023,0.0,0.111,0.0213
USER_044,2026-06-22,0.0613,0.0624,0,False,0.0488,0.0,0.1653,0.0097
USER_044,2026-06-23,0.1466,0.0877,0,False,0.1141,0.25,0.1477,0.0227
USER_044,2026-06-24,0.2258,0.1291,0,False,0.1113,0.4,0.2288,0.0743
USER_044,2026-06-25,0.2187,0.156,0,False,0.0854,0.4,0.214,0.0872
USER_044,2026-06-26,0.2416,0.1817,0,False,0.0909,0.5,0.1796,0.0979
USER_044,2026-06-28,0.2996,0.217,0,False,0.2907,0.5714,0.0856,0.2218
USER_044,2026-06-29,0.309,0.2446,0,False,0.3582,0.5714,0.0632,0.2349
USER_044,2026-06-30,0.2711,0.2526,0,False,0.3014,0.5714,0.0,0.1971
USER_045,2026-06-12,0.1836,0.1836,0,False,0.216,0.0,0.3854,0.1241
USER_045,2026-06-13,0.2084,0.1911,0,False,0.195,0.0,0.4337,0.1966
USER_045,2026-06-14,0.1435,0.1768,0,False,0.1373,0.0,0.1693,0.3261
USER_045,2026-06-15,0.0958,0.1525,0,False,0.1525,0.0,0.1288,0.1332
USER_045,2026-06-16,0.0541,0.123,0,False,0.1483,0.0,0.0628,0.028
USER_045,2026-06-17,0.0626,0.1049,0,False,0.23,0.0,0.0122,0.0647
USER_045,2026-06-18,0.0593,0.0912,0,False,0.2173,0.0,0.0208,0.0478
USER_045,2026-06-19,0.0577,0.0812,0,False,0.0839,0.0,0.1109,0.0385
USER_045,2026-06-20,0.0631,0.0757,0,False,0.073,0.0,0.1469,0.0222
USER_045,2026-06-22,0.0305,0.0622,0,False,0.0112,0.0,0.0883,0.0088
USER_045,2026-06-23,0.0462,0.0574,0,False,0.0563,0.0,0.0949,0.0322
USER_045,2026-06-24,0.0713,0.0616,0,False,0.1062,0.0,0.1309,0.0541
USER_045,2026-06-25,0.0767,0.0661,0,False,0.221,0.0,0.0787,0.0446
USER_045,2026-06-26,0.0917,0.0738,0,False,0.2707,0.0,0.0642,0.0913
USER_045,2026-06-27,0.071,0.0729,0,False,0.1815,0.0,0.0533,0.0934
USER_045,2026-06-28,0.0491,0.0658,0,False,0.1319,0.0,0.014,0.0927
USER_045,2026-06-29,0.0274,0.0543,0,False,0.0645,0.0,0.0023,0.0692
USER_045,2026-06-30,0.0325,0.0478,0,False,0.0587,0.0,0.0122,0.0857
USER_046,2026-06-11,0.109,0.109,0,False,0.0732,0.25,0.0634,0.0019
USER_046,2026-06-12,0.1952,0.1349,0,False,0.2748,0.25,0.1171,0.1506
USER_046,2026-06-14,0.2223,0.1611,0,False,0.31,0.25,0.1408,0.2152
USER_046,2026-06-15,0.2097,0.1757,0,False,0.2597,0.25,0.1544,0.1823
USER_046,2026-06-16,0.1502,0.168,0,False,0.0977,0.25,0.0766,0.1634
USER_046,2026-06-17,0.1596,0.1655,0,False,0.159,0.25,0.0548,0.1821
USER_046,2026-06-18,0.1769,0.1689,0,False,0.1501,0.25,0.1242,0.1733
USER_046,2026-06-19,0.1477,0.1626,0,False,0.2357,0.0,0.2024,0.1994
USER_046,2026-06-22,0.1266,0.1518,0,False,0.206,0.0,0.1947,0.1349
USER_046,2026-06-23,0.1006,0.1364,0,False,0.1369,0.0,0.205,0.0585
USER_046,2026-06-24,0.0944,0.1238,0,False,0.1018,0.0,0.2459,0.0014
USER_046,2026-06-25,0.1454,0.1303,0,False,0.1684,0.0,0.3224,0.0748
USER_046,2026-06-26,0.1543,0.1375,0,False,0.1889,0.0,0.3606,0.0418
USER_046,2026-06-28,0.1364,0.1372,0,False,0.178,0.0,0.327,0.0134
USER_046,2026-06-29,0.1592,0.1438,0,False,0.2041,0.0,0.3596,0.0525
USER_046,2026-06-30,0.1669,0.1507,0,False,0.0255,0.25,0.2755,0.0207
USER_047,2026-06-12,0.121,0.121,0,False,0.1911,0.0,0.0961,0.2699
USER_047,2026-06-13,0.1069,0.1168,0,False,0.1198,0.0,0.0961,0.2707
USER_047,2026-06-14,0.0949,0.1102,0,False,0.1844,0.0,0.0128,0.2709
USER_047,2026-06-15,0.2008,0.1374,0,False,0.3061,0.0,0.3201,0.218
USER_047,2026-06-16,0.1962,0.1551,0,False,0.3411,0.0,0.2827,0.216
USER_047,2026-06-17,0.1729,0.1604,0,False,0.2562,0.0,0.2711,0.2017
USER_047,2026-06-18,0.1372,0.1534,0,False,0.1954,0.0,0.1909,0.204
USER_047,2026-06-19,0.0664,0.1273,0,False,0.0609,0.0,0.0623,0.1777
USER_047,2026-06-22,0.2221,0.1558,0,False,0.1448,0.5,0.048,0.1438
USER_047,2026-06-23,0.2114,0.1725,0,False,0.108,0.5,0.0364,0.1444
USER_047,2026-06-24,0.2585,0.1983,0,False,0.0158,0.5,0.2498,0.152
USER_047,2026-06-25,0.2595,0.2166,0,False,0.0749,0.5,0.2352,0.1198
USER_047,2026-06-26,0.3135,0.2457,0,False,0.1854,0.5,0.3494,0.1082
USER_047,2026-06-27,0.3064,0.2639,0,False,0.1549,0.5,0.3537,0.0964
USER_047,2026-06-29,0.2734,0.2668,0,False,0.1248,0.5,0.2833,0.0675
USER_047,2026-06-30,0.1097,0.2196,0,False,0.2147,0.0,0.1528,0.1045
USER_048,2026-06-12,0.1336,0.1336,0,False,0.3013,0.0,0.0,0.3666
USER_048,2026-06-13,0.1289,0.1322,0,False,0.2629,0.0,0.0,0.3813
USER_048,2026-06-14,0.126,0.1303,0,False,0.2498,0.0,0.0,0.3802
USER_048,2026-06-15,0.0829,0.1161,0,False,0.3052,0.0,0.0,0.1092
USER_048,2026-06-16,0.0595,0.0991,0,False,0.1747,0.0,0.0,0.1229
USER_048,2026-06-17,0.0523,0.0851,0,False,0.0805,0.0,0.0,0.1813
USER_048,2026-06-18,0.0643,0.0788,0,False,0.1568,0.0,0.0,0.1646
USER_048,2026-06-19,0.0815,0.0796,0,False,0.3075,0.0,0.0,0.1001
USER_048,2026-06-22,0.0695,0.0766,0,False,0.1649,0.0,0.0,0.1827
USER_048,2026-06-23,0.0637,0.0727,0,False,0.1533,0.0,0.0,0.1651
USER_048,2026-06-24,0.1564,0.0978,0,False,0.1633,0.25,0.0,0.2438
USER_048,2026-06-25,0.1548,0.1149,0,False,0.2133,0.25,0.0,0.186
USER_048,2026-06-26,0.1599,0.1284,0,False,0.2561,0.25,0.0,0.1684
USER_048,2026-06-29,0.1453,0.1335,0,False,0.1992,0.25,0.0,0.1524
USER_048,2026-06-30,0.1684,0.144,0,False,0.0605,0.4,0.0439,0.1156
USER_049,2026-06-12,0.2407,0.2407,0,False,0.8912,0.0,0.1591,0.0736
USER_049,2026-06-14,0.2668,0.2485,0,False,1.0,0.0,0.1733,0.0739
USER_049,2026-06-15,0.2565,0.2509,0,False,1.0,0.0,0.0828,0.1584
USER_049,2026-06-16,0.2559,0.2524,0,False,0.5727,0.3333,0.1001,0.0567
USER_049,2026-06-17,0.2502,0.2518,0,False,0.5307,0.3333,0.1319,0.0226
USER_049,2026-06-18,0.2266,0.2442,0,False,0.5307,0.3333,0.0161,0.0782
USER_049,2026-06-19,0.1998,0.2309,0,False,0.3659,0.3333,0.0185,0.1055
USER_049,2026-06-20,0.1961,0.2204,0,False,0.241,0.3333,0.0651,0.1417
USER_049,2026-06-21,0.1954,0.2129,0,False,0.2446,0.3333,0.0651,0.135
USER_049,2026-06-22,0.1634,0.1981,0,False,0.1711,0.3333,0.0261,0.1065
USER_049,2026-06-23,0.2028,0.1995,0,False,0.3263,0.3333,0.1221,0.0047
USER_049,2026-06-24,0.2346,0.21,0,False,0.4053,0.3333,0.1376,0.0616
USER_049,2026-06-25,0.2065,0.209,0,False,0.3072,0.3333,0.0665,0.1253
USER_049,2026-06-26,0.1764,0.1992,0,False,0.2583,0.3333,0.0191,0.0952
USER_049,2026-06-28,0.1653,0.189,0,False,0.1809,0.3333,0.0351,0.0929
USER_049,2026-06-29,0.1686,0.1829,0,False,0.2055,0.3333,0.0202,0.1073
USER_049,2026-06-30,0.1925,0.1858,0,False,0.2671,0.3333,0.0393,0.1362
USER_050,2026-06-11,0.1348,0.1348,0,False,0.0981,0.0,0.1503,0.3508
USER_050,2026-06-12,0.1261,0.1322,0,False,0.2468,0.0,0.2324,0.0354
USER_050,2026-06-13,0.1369,0.1336,0,False,0.2722,0.0,0.2587,0.024
USER_050,2026-06-14,0.1446,0.1369,0,False,0.3109,0.0,0.2709,0.0057
USER_050,2026-06-15,0.1276,0.1341,0,False,0.2382,0.0,0.1967,0.1047
USER_050,2026-06-16,0.255,0.1704,0,False,0.1852,0.5,0.1284,0.1473
USER_050,2026-06-17,0.2655,0.1989,0,False,0.1401,0.5,0.1736,0.1773
USER_050,2026-06-18,0.282,0.2239,0,False,0.3033,0.5,0.1254,0.1684
USER_050,2026-06-19,0.2657,0.2364,0,False,0.2718,0.5,0.0493,0.2327
USER_050,2026-06-20,0.272,0.2471,0,False,0.2852,0.5,0.0594,0.2357
USER_050,2026-06-21,0.2804,0.2571,0,False,0.3015,0.5,0.0717,0.243
USER_050,2026-06-22,0.2378,0.2513,0,False,0.1875,0.5,0.0446,0.1847
USER_050,2026-06-23,0.19,0.2329,0,False,0.102,0.3333,0.0821,0.2247
USER_050,2026-06-24,0.2091,0.2258,0,False,0.0515,0.3333,0.2137,0.1736
USER_050,2026-06-25,0.1904,0.2152,0,False,0.1011,0.3333,0.1503,0.1257
USER_050,2026-06-26,0.1894,0.2074,0,False,0.1774,0.3333,0.0788,0.1515
USER_050,2026-06-28,0.2046,0.2066,0,False,0.2069,0.3333,0.1099,0.1513
USER_050,2026-06-29,0.1834,0.1996,0,False,0.2076,0.3333,0.0724,0.101
USER_050,2026-06-30,0.1899,0.1967,0,False,0.2239,0.3333,0.0908,0.0894
USER_051,2026-06-12,0.1435,0.1435,0,False,0.5284,0.0,0.0,0.1889
USER_051,2026-06-13,0.1108,0.1337,0,False,0.3788,0.0,0.0,0.1751
USER_051,2026-06-14,0.1375,0.1348,0,False,0.4315,0.0,0.0,0.256
USER_051,2026-06-15,0.051,0.1097,0,False,0.2072,0.0,0.0,0.0477
USER_051,2026-06-16,0.2627,0.1556,0,False,0.1069,0.5,0.1116,0.2889
USER_051,2026-06-17,0.2673,0.1891,0,False,0.2451,0.5,0.0752,0.2288
USER_051,2026-06-18,0.2487,0.207,0,False,0.1613,0.5,0.0576,0.2459
USER_051,2026-06-19,0.2187,0.2105,0,False,0.0986,0.5,0.0478,0.1734
USER_051,2026-06-20,0.2202,0.2134,0,False,0.1191,0.5,0.0472,0.1609
USER_051,2026-06-22,0.1955,0.208,0,False,0.0658,0.5,0.0423,0.0979
USER_051,2026-06-23,0.2597,0.2235,0,False,0.1487,0.6667,0.0784,0.0322
USER_051,2026-06-24,0.2167,0.2215,0,False,0.2101,0.5,0.0372,0.0677
USER_051,2026-06-25,0.1968,0.2141,0,False,0.1185,0.5,0.038,0.0584
USER_051,2026-06-26,0.2412,0.2222,0,False,0.2508,0.5,0.038,0.1483
USER_051,2026-06-27,0.2482,0.23,0,False,0.2882,0.5,0.0478,0.131
USER_051,2026-06-28,0.2493,0.2358,0,False,0.2908,0.5,0.0485,0.1332
USER_051,2026-06-29,0.2444,0.2384,0,False,0.2904,0.5,0.0449,0.1141
USER_051,2026-06-30,0.2591,0.2446,0,False,0.3647,0.5,0.0485,0.1083
USER_052,2026-06-12,0.0855,0.0855,0,False,0.2478,0.0,0.0863,0.0502
USER_052,2026-06-13,0.0535,0.0759,0,False,0.1665,0.0,0.0362,0.0465
USER_052,2026-06-15,0.122,0.0897,0,False,0.4842,0.0,0.0422,0.0626
USER_052,2026-06-16,0.0876,0.0891,0,False,0.2534,0.0,0.046,0.1155
USER_052,2026-06-17,0.1812,0.1167,0,False,0.2586,0.3333,0.0489,0.074
USER_052,2026-06-18,0.1681,0.1321,0,False,0.2033,0.3333,0.0362,0.0826
USER_052,2026-06-19,0.1942,0.1507,0,False,0.1905,0.3333,0.1343,0.079
USER_052,2026-06-20,0.2266,0.1735,0,False,0.1889,0.3333,0.2099,0.1293
USER_052,2026-06-21,0.2213,0.1878,0,False,0.2471,0.3333,0.1595,0.1202
USER_052,2026-06-22,0.2136,0.1956,0,False,0.0543,0.3333,0.2536,0.1334
USER_052,2026-06-23,0.2269,0.205,0,False,0.068,0.3333,0.2474,0.1952
USER_052,2026-06-24,0.1027,0.1743,0,False,0.0151,0.0,0.3013,0.0463
USER_052,2026-06-25,0.0624,0.1407,0,False,0.0044,0.0,0.1931,0.0179
USER_052,2026-06-26,0.0399,0.1105,0,False,0.0421,0.0,0.1039,0.0016
USER_052,2026-06-29,0.0412,0.0897,0,False,0.151,0.0,0.0273,0.014
USER_052,2026-06-30,0.092,0.0904,0,False,0.2414,0.0,0.1343,0.017
USER_053,2026-06-12,0.2185,0.2185,0,False,0.8019,0.0,0.0364,0.2362
USER_053,2026-06-13,0.1716,0.2044,0,False,0.5925,0.0,0.0286,0.2225
USER_053,2026-06-15,0.2008,0.2034,0,False,0.6905,0.0,0.1065,0.1539
USER_053,2026-06-16,0.1474,0.1866,0,False,0.4849,0.0,0.067,0.1514
USER_053,2026-06-17,0.1374,0.1718,0,False,0.5046,0.0,0.0477,0.1111
USER_053,2026-06-18,0.1116,0.1537,0,False,0.4786,0.0,0.0083,0.0667
USER_053,2026-06-19,0.1268,0.1457,0,False,0.5437,0.0,0.0417,0.0277
USER_053,2026-06-22,0.0985,0.1315,0,False,0.3778,0.0,0.0619,0.0218
USER_053,2026-06-23,0.0675,0.1123,0,False,0.2442,0.0,0.0407,0.032
USER_053,2026-06-24,0.0663,0.0985,0,False,0.1092,0.0,0.1182,0.0449
USER_053,2026-06-25,0.0767,0.0919,0,False,0.118,0.0,0.1431,0.0506
USER_053,2026-06-26,0.0882,0.0908,0,False,0.0857,0.0,0.1842,0.0793
USER_053,2026-06-27,0.0809,0.0879,0,False,0.0743,0.0,0.1827,0.0561
USER_053,2026-06-28,0.0633,0.0805,0,False,0.0379,0.0,0.1538,0.0479
USER_053,2026-06-29,0.0742,0.0786,0,False,0.0538,0.0,0.1316,0.1198
USER_053,2026-06-30,0.1934,0.113,0,False,0.1433,0.25,0.2962,0.0043
USER_054,2026-06-11,0.1042,0.1042,0,False,0.3001,0.0,0.0042,0.2147
USER_054,2026-06-12,0.1352,0.1135,0,False,0.2221,0.0,0.0311,0.4075
USER_054,2026-06-15,0.1967,0.1385,0,False,0.1383,0.3333,0.0311,0.2983
USER_054,2026-06-16,0.243,0.1698,0,False,0.4566,0.3333,0.0158,0.2348
USER_054,2026-06-17,0.2606,0.1971,0,False,0.531,0.3333,0.028,0.2299
USER_054,2026-06-18,0.2792,0.2217,0,False,0.6081,0.3333,0.0338,0.2369
USER_054,2026-06-19,0.2399,0.2272,0,False,0.4774,0.3333,0.0123,0.2036
USER_054,2026-06-22,0.262,0.2376,0,False,0.5957,0.3333,0.0197,0.1848
USER_054,2026-06-23,0.2793,0.2501,0,False,0.7675,0.3333,0.0117,0.1114
USER_054,2026-06-24,0.295,0.2636,0,False,0.7573,0.3333,0.067,0.117
USER_054,2026-06-25,0.2446,0.2579,0,False,0.4856,0.3333,0.0779,0.1204
USER_054,2026-06-26,0.2355,0.2511,0,False,0.4092,0.3333,0.0992,0.1193
USER_054,2026-06-28,0.2121,0.2394,0,False,0.2741,0.3333,0.1251,0.0986
USER_054,2026-06-29,0.2073,0.2298,0,False,0.2209,0.3333,0.1439,0.0995
USER_054,2026-06-30,0.2398,0.2328,0,False,0.1392,0.5,0.1839,0.0339
USER_055,2026-06-12,0.1129,0.1129,0,False,0.1186,0.0,0.1826,0.1723
USER_055,2026-06-13,0.0933,0.1071,0,False,0.1032,0.0,0.1481,0.1412
USER_055,2026-06-15,0.0341,0.0852,0,False,0.1186,0.0,0.0033,0.0468
USER_055,2026-06-16,0.0679,0.08,0,False,0.1191,0.0,0.1061,0.0614
USER_055,2026-06-17,0.1051,0.0875,0,False,0.2464,0.0,0.1282,0.0866
USER_055,2026-06-18,0.0682,0.0817,0,False,0.1269,0.0,0.0793,0.0949
USER_055,2026-06-19,0.089,0.0839,0,False,0.1716,0.0,0.0941,0.1326
USER_055,2026-06-20,0.0928,0.0866,0,False,0.1654,0.0,0.0658,0.2001
USER_055,2026-06-22,0.1153,0.0952,0,False,0.129,0.0,0.1704,0.1918
USER_055,2026-06-23,0.0989,0.0963,0,False,0.0126,0.0,0.2064,0.1721
USER_055,2026-06-24,0.4575,0.2047,0,False,0.1422,0.9167,0.2372,0.4146
USER_055,2026-06-25,0.4855,0.2889,0,False,0.26,0.9167,0.231,0.4462
USER_055,2026-06-26,0.464,0.3415,0,False,0.1099,0.9167,0.2781,0.4181
USER_055,2026-06-27,0.5081,0.3914,1,False,0.1799,0.9167,0.2969,0.5402
USER_055,2026-06-28,0.4904,0.4211,2,False,0.1321,0.9167,0.2876,0.5136
USER_055,2026-06-29,0.4711,0.4361,3,False,0.1755,0.9167,0.1826,0.5313
USER_055,2026-06-30,0.4161,0.4301,4,False,0.0487,0.9167,0.1662,0.4076
